1,2016-01-23-46,2.6
1,2016-01-23-58,2.5
1,2016-01-23-70,2.6
1,2016-01-23-82,3.5
1,2016-01-23-94,4.5
1,2016-01-23-106,4.7
1,2016-01-23-118,4.9
1,2016-01-23-130,3.4
1,2016-01-23-142,1.9
1,2016-01-25-58,2.4
1,2016-01-25-70,3.3
1,2016-01-25-82,4.0
1,2016-01-25-94,4.1
1,2016-01-25-106,5.0
1,2016-01-25-118,5.6
1,2016-01-25-130,3.3
1,2016-01-25-142,1.2
1,2016-01-27-46,4.0
1,2016-01-27-58,3.1
1,2016-01-27-70,5.6
1,2016-01-27-82,4.1
1,2016-01-27-94,4.2
1,2016-01-27-106,5.2
1,2016-01-27-118,4.7
1,2016-01-27-130,3.9
1,2016-01-27-142,2.6
1,2016-01-29-58,4.7
1,2016-01-29-70,4.0
1,2016-01-29-82,3.6
1,2016-01-29-94,4.4
1,2016-01-29-106,5.3
1,2016-01-29-118,3.8
1,2016-01-29-130,4.4
1,2016-01-29-142,2.3
1,2016-01-31-46,2.4
1,2016-01-31-58,3.0
1,2016-01-31-70,3.8
1,2016-01-31-82,3.6
1,2016-01-31-94,4.1
1,2016-01-31-106,4.2
1,2016-01-31-118,4.3
1,2016-01-31-130,3.9
1,2016-01-31-142,1.6
2,2016-01-23-46,1.0
2,2016-01-23-58,1.0
2,2016-01-23-70,1.0
2,2016-01-23-82,1.0
2,2016-01-23-94,1.0
2,2016-01-23-106,1.0
2,2016-01-23-118,1.0
2,2016-01-23-130,1.0
2,2016-01-23-142,1.0
2,2016-01-25-58,1.0
2,2016-01-25-70,1.0
2,2016-01-25-82,1.1
2,2016-01-25-94,1.0
2,2016-01-25-106,1.4
2,2016-01-25-118,1.4
2,2016-01-25-130,1.0
2,2016-01-25-142,1.0
2,2016-01-27-46,1.0
2,2016-01-27-58,1.0
2,2016-01-27-70,1.0
2,2016-01-27-82,1.0
2,2016-01-27-94,1.0
2,2016-01-27-106,1.1
2,2016-01-27-118,1.0
2,2016-01-27-130,1.0
2,2016-01-27-142,1.0
2,2016-01-29-58,1.0
2,2016-01-29-70,1.0
2,2016-01-29-82,1.0
2,2016-01-29-94,1.0
2,2016-01-29-106,1.1
2,2016-01-29-118,1.0
2,2016-01-29-130,1.0
2,2016-01-29-142,1.0
2,2016-01-31-46,1.0
2,2016-01-31-58,1.0
2,2016-01-31-70,1.0
2,2016-01-31-82,1.0
2,2016-01-31-94,1.0
2,2016-01-31-106,1.6
2,2016-01-31-118,1.2
2,2016-01-31-130,1.0
2,2016-01-31-142,1.0
3,2016-01-23-46,1.0
3,2016-01-23-58,1.7
3,2016-01-23-70,1.7
3,2016-01-23-82,1.5
3,2016-01-23-94,1.1
3,2016-01-23-106,1.2
3,2016-01-23-118,1.1
3,2016-01-23-130,1.5
3,2016-01-23-142,1.4
3,2016-01-25-58,1.6
3,2016-01-25-70,1.5
3,2016-01-25-82,1.0
3,2016-01-25-94,1.0
3,2016-01-25-106,1.0
3,2016-01-25-118,1.0
3,2016-01-25-130,1.4
3,2016-01-25-142,1.4
3,2016-01-27-46,1.0
3,2016-01-27-58,1.0
3,2016-01-27-70,1.0
3,2016-01-27-82,1.0
3,2016-01-27-94,1.0
3,2016-01-27-106,1.0
3,2016-01-27-118,1.0
3,2016-01-27-130,1.0
3,2016-01-27-142,1.0
3,2016-01-29-58,1.0
3,2016-01-29-70,1.0
3,2016-01-29-82,1.0
3,2016-01-29-94,1.0
3,2016-01-29-106,1.0
3,2016-01-29-118,1.0
3,2016-01-29-130,1.0
3,2016-01-29-142,1.0
3,2016-01-31-46,1.0
3,2016-01-31-58,1.0
3,2016-01-31-70,1.0
3,2016-01-31-82,1.0
3,2016-01-31-94,1.0
3,2016-01-31-106,1.0
3,2016-01-31-118,1.0
3,2016-01-31-130,1.0
3,2016-01-31-142,1.0
4,2016-01-23-46,1.9
4,2016-01-23-58,2.6
4,2016-01-23-70,2.7
4,2016-01-23-82,2.6
4,2016-01-23-94,2.4
4,2016-01-23-106,2.0
4,2016-01-23-118,2.4
4,2016-01-23-130,2.5
4,2016-01-23-142,1.8
4,2016-01-25-58,2.2
4,2016-01-25-70,3.2
4,2016-01-25-82,3.0
4,2016-01-25-94,2.1
4,2016-01-25-106,2.5
4,2016-01-25-118,2.5
4,2016-01-25-130,1.8
4,2016-01-25-142,1.6
4,2016-01-27-46,2.7
4,2016-01-27-58,2.4
4,2016-01-27-70,3.0
4,2016-01-27-82,2.7
4,2016-01-27-94,2.3
4,2016-01-27-106,2.2
4,2016-01-27-118,2.6
4,2016-01-27-130,2.3
4,2016-01-27-142,1.4
4,2016-01-29-58,2.2
4,2016-01-29-70,2.8
4,2016-01-29-82,2.8
4,2016-01-29-94,2.2
4,2016-01-29-106,2.2
4,2016-01-29-118,2.1
4,2016-01-29-130,2.4
4,2016-01-29-142,1.3
4,2016-01-31-46,1.8
4,2016-01-31-58,2.3
4,2016-01-31-70,2.9
4,2016-01-31-82,2.7
4,2016-01-31-94,2.1
4,2016-01-31-106,2.6
4,2016-01-31-118,2.5
4,2016-01-31-130,2.6
4,2016-01-31-142,1.1
5,2016-01-23-46,1.0
5,2016-01-23-58,1.0
5,2016-01-23-70,1.0
5,2016-01-23-82,1.0
5,2016-01-23-94,1.0
5,2016-01-23-106,1.0
5,2016-01-23-118,1.0
5,2016-01-23-130,1.0
5,2016-01-23-142,1.0
5,2016-01-25-58,1.0
5,2016-01-25-70,1.0
5,2016-01-25-82,1.0
5,2016-01-25-94,1.0
5,2016-01-25-106,1.0
5,2016-01-25-118,1.0
5,2016-01-25-130,1.0
5,2016-01-25-142,1.0
5,2016-01-27-46,1.0
5,2016-01-27-58,1.0
5,2016-01-27-70,1.0
5,2016-01-27-82,1.0
5,2016-01-27-94,1.0
5,2016-01-27-106,1.0
5,2016-01-27-118,1.0
5,2016-01-27-130,1.0
5,2016-01-27-142,1.0
5,2016-01-29-58,1.0
5,2016-01-29-70,1.0
5,2016-01-29-82,1.0
5,2016-01-29-94,1.0
5,2016-01-29-106,1.0
5,2016-01-29-118,1.0
5,2016-01-29-130,1.0
5,2016-01-29-142,1.0
5,2016-01-31-46,1.0
5,2016-01-31-58,1.0
5,2016-01-31-70,1.0
5,2016-01-31-82,1.0
5,2016-01-31-94,1.0
5,2016-01-31-106,1.0
5,2016-01-31-118,1.0
5,2016-01-31-130,1.0
5,2016-01-31-142,1.0
6,2016-01-23-46,1.0
6,2016-01-23-58,2.1
6,2016-01-23-70,2.3
6,2016-01-23-82,4.0
6,2016-01-23-94,3.5
6,2016-01-23-106,3.6
6,2016-01-23-118,3.4
6,2016-01-23-130,3.5
6,2016-01-23-142,3.3
6,2016-01-25-58,1.4
6,2016-01-25-70,2.3
6,2016-01-25-82,1.3
6,2016-01-25-94,1.0
6,2016-01-25-106,1.0
6,2016-01-25-118,1.0
6,2016-01-25-130,3.4
6,2016-01-25-142,1.0
6,2016-01-27-46,1.0
6,2016-01-27-58,1.0
6,2016-01-27-70,1.2
6,2016-01-27-82,1.1
6,2016-01-27-94,1.0
6,2016-01-27-106,1.0
6,2016-01-27-118,1.0
6,2016-01-27-130,1.0
6,2016-01-27-142,1.0
6,2016-01-29-58,1.0
6,2016-01-29-70,1.1
6,2016-01-29-82,1.1
6,2016-01-29-94,1.0
6,2016-01-29-106,1.0
6,2016-01-29-118,1.0
6,2016-01-29-130,1.0
6,2016-01-29-142,1.0
6,2016-01-31-46,1.0
6,2016-01-31-58,1.0
6,2016-01-31-70,1.1
6,2016-01-31-82,1.1
6,2016-01-31-94,1.0
6,2016-01-31-106,1.0
6,2016-01-31-118,1.0
6,2016-01-31-130,1.0
6,2016-01-31-142,2.6
7,2016-01-23-46,6.1
7,2016-01-23-58,5.1
7,2016-01-23-70,4.8
7,2016-01-23-82,4.7
7,2016-01-23-94,4.4
7,2016-01-23-106,5.4
7,2016-01-23-118,5.4
7,2016-01-23-130,4.2
7,2016-01-23-142,5.1
7,2016-01-25-58,4.3
7,2016-01-25-70,4.0
7,2016-01-25-82,3.9
7,2016-01-25-94,5.1
7,2016-01-25-106,4.5
7,2016-01-25-118,4.2
7,2016-01-25-130,2.1
7,2016-01-25-142,2.6
7,2016-01-27-46,5.2
7,2016-01-27-58,2.6
7,2016-01-27-70,2.9
7,2016-01-27-82,3.0
7,2016-01-27-94,3.6
7,2016-01-27-106,3.2
7,2016-01-27-118,3.4
7,2016-01-27-130,4.2
7,2016-01-27-142,4.7
7,2016-01-29-58,2.6
7,2016-01-29-70,3.1
7,2016-01-29-82,3.1
7,2016-01-29-94,4.6
7,2016-01-29-106,4.8
7,2016-01-29-118,4.7
7,2016-01-29-130,5.0
7,2016-01-29-142,3.9
7,2016-01-31-46,1.4
7,2016-01-31-58,3.0
7,2016-01-31-70,4.8
7,2016-01-31-82,4.1
7,2016-01-31-94,4.8
7,2016-01-31-106,4.2
7,2016-01-31-118,6.1
7,2016-01-31-130,5.1
7,2016-01-31-142,3.0
8,2016-01-23-46,6.3
8,2016-01-23-58,5.5
8,2016-01-23-70,5.9
8,2016-01-23-82,6.6
8,2016-01-23-94,7.4
8,2016-01-23-106,5.8
8,2016-01-23-118,6.9
8,2016-01-23-130,6.3
8,2016-01-23-142,1.9
8,2016-01-25-58,5.6
8,2016-01-25-70,6.1
8,2016-01-25-82,4.8
8,2016-01-25-94,6.3
8,2016-01-25-106,5.7
8,2016-01-25-118,5.0
8,2016-01-25-130,6.4
8,2016-01-25-142,2.6
8,2016-01-27-46,4.9
8,2016-01-27-58,3.3
8,2016-01-27-70,4.4
8,2016-01-27-82,4.9
8,2016-01-27-94,5.9
8,2016-01-27-106,5.5
8,2016-01-27-118,4.7
8,2016-01-27-130,5.1
8,2016-01-27-142,3.0
8,2016-01-29-58,3.5
8,2016-01-29-70,4.5
8,2016-01-29-82,5.3
8,2016-01-29-94,6.1
8,2016-01-29-106,6.1
8,2016-01-29-118,5.8
8,2016-01-29-130,5.6
8,2016-01-29-142,3.6
8,2016-01-31-46,4.5
8,2016-01-31-58,4.3
8,2016-01-31-70,4.8
8,2016-01-31-82,4.9
8,2016-01-31-94,5.6
8,2016-01-31-106,5.0
8,2016-01-31-118,4.1
8,2016-01-31-130,4.2
8,2016-01-31-142,2.3
9,2016-01-23-46,1.2
9,2016-01-23-58,4.0
9,2016-01-23-70,4.1
9,2016-01-23-82,4.2
9,2016-01-23-94,3.8
9,2016-01-23-106,3.9
9,2016-01-23-118,3.9
9,2016-01-23-130,3.9
9,2016-01-23-142,3.7
9,2016-01-25-58,4.0
9,2016-01-25-70,4.3
9,2016-01-25-82,1.7
9,2016-01-25-94,1.3
9,2016-01-25-106,1.8
9,2016-01-25-118,1.6
9,2016-01-25-130,3.9
9,2016-01-25-142,3.6
9,2016-01-27-46,1.0
9,2016-01-27-58,1.5
9,2016-01-27-70,1.6
9,2016-01-27-82,1.5
9,2016-01-27-94,1.2
9,2016-01-27-106,1.6
9,2016-01-27-118,1.2
9,2016-01-27-130,1.1
9,2016-01-27-142,1.0
9,2016-01-29-58,1.3
9,2016-01-29-70,1.2
9,2016-01-29-82,1.4
9,2016-01-29-94,1.1
9,2016-01-29-106,1.3
9,2016-01-29-118,1.4
9,2016-01-29-130,1.3
9,2016-01-29-142,1.0
9,2016-01-31-46,1.0
9,2016-01-31-58,1.5
9,2016-01-31-70,1.6
9,2016-01-31-82,1.5
9,2016-01-31-94,1.2
9,2016-01-31-106,1.6
9,2016-01-31-118,1.7
9,2016-01-31-130,1.4
9,2016-01-31-142,1.3
10,2016-01-23-46,1.0
10,2016-01-23-58,3.4
10,2016-01-23-70,3.4
10,2016-01-23-82,3.4
10,2016-01-23-94,3.1
10,2016-01-23-106,3.1
10,2016-01-23-118,3.1
10,2016-01-23-130,3.1
10,2016-01-23-142,3.0
10,2016-01-25-58,3.3
10,2016-01-25-70,3.4
10,2016-01-25-82,1.0
10,2016-01-25-94,1.0
10,2016-01-25-106,1.0
10,2016-01-25-118,1.0
10,2016-01-25-130,3.0
10,2016-01-25-142,3.0
10,2016-01-27-46,1.0
10,2016-01-27-58,1.0
10,2016-01-27-70,1.0
10,2016-01-27-82,1.0
10,2016-01-27-94,1.0
10,2016-01-27-106,1.0
10,2016-01-27-118,1.0
10,2016-01-27-130,1.0
10,2016-01-27-142,1.0
10,2016-01-29-58,1.0
10,2016-01-29-70,1.0
10,2016-01-29-82,1.0
10,2016-01-29-94,1.0
10,2016-01-29-106,1.0
10,2016-01-29-118,1.0
10,2016-01-29-130,1.0
10,2016-01-29-142,1.0
10,2016-01-31-46,1.0
10,2016-01-31-58,1.0
10,2016-01-31-70,1.0
10,2016-01-31-82,1.0
10,2016-01-31-94,1.0
10,2016-01-31-106,1.0
10,2016-01-31-118,1.0
10,2016-01-31-130,1.0
10,2016-01-31-142,1.0
11,2016-01-23-46,1.0
11,2016-01-23-58,1.0
11,2016-01-23-70,1.0
11,2016-01-23-82,1.0
11,2016-01-23-94,1.0
11,2016-01-23-106,1.0
11,2016-01-23-118,1.0
11,2016-01-23-130,1.0
11,2016-01-23-142,1.0
11,2016-01-25-58,1.0
11,2016-01-25-70,1.0
11,2016-01-25-82,1.3
11,2016-01-25-94,1.5
11,2016-01-25-106,1.3
11,2016-01-25-118,1.4
11,2016-01-25-130,1.0
11,2016-01-25-142,1.0
11,2016-01-27-46,1.1
11,2016-01-27-58,1.0
11,2016-01-27-70,1.0
11,2016-01-27-82,1.0
11,2016-01-27-94,1.0
11,2016-01-27-106,1.0
11,2016-01-27-118,1.0
11,2016-01-27-130,1.0
11,2016-01-27-142,1.0
11,2016-01-29-58,1.0
11,2016-01-29-70,1.0
11,2016-01-29-82,1.0
11,2016-01-29-94,1.0
11,2016-01-29-106,1.3
11,2016-01-29-118,1.0
11,2016-01-29-130,1.0
11,2016-01-29-142,1.0
11,2016-01-31-46,1.0
11,2016-01-31-58,1.0
11,2016-01-31-70,1.0
11,2016-01-31-82,1.0
11,2016-01-31-94,1.0
11,2016-01-31-106,1.4
11,2016-01-31-118,1.1
11,2016-01-31-130,1.0
11,2016-01-31-142,1.3
12,2016-01-23-46,2.8
12,2016-01-23-58,1.0
12,2016-01-23-70,1.1
12,2016-01-23-82,1.2
12,2016-01-23-94,2.5
12,2016-01-23-106,3.2
12,2016-01-23-118,2.0
12,2016-01-23-130,1.7
12,2016-01-23-142,1.5
12,2016-01-25-58,1.0
12,2016-01-25-70,1.5
12,2016-01-25-82,2.5
12,2016-01-25-94,3.4
12,2016-01-25-106,4.7
12,2016-01-25-118,3.8
12,2016-01-25-130,1.0
12,2016-01-25-142,1.5
12,2016-01-27-46,3.2
12,2016-01-27-58,1.9
12,2016-01-27-70,2.2
12,2016-01-27-82,1.0
12,2016-01-27-94,2.5
12,2016-01-27-106,3.6
12,2016-01-27-118,3.0
12,2016-01-27-130,2.5
12,2016-01-27-142,2.0
12,2016-01-29-58,1.5
12,2016-01-29-70,1.9
12,2016-01-29-82,2.2
12,2016-01-29-94,3.4
12,2016-01-29-106,4.9
12,2016-01-29-118,3.2
12,2016-01-29-130,3.6
12,2016-01-29-142,1.7
12,2016-01-31-46,2.4
12,2016-01-31-58,1.4
12,2016-01-31-70,2.4
12,2016-01-31-82,1.8
12,2016-01-31-94,3.4
12,2016-01-31-106,3.6
12,2016-01-31-118,4.0
12,2016-01-31-130,3.0
12,2016-01-31-142,2.0
13,2016-01-23-46,1.0
13,2016-01-23-58,1.0
13,2016-01-23-70,1.0
13,2016-01-23-82,1.0
13,2016-01-23-94,1.0
13,2016-01-23-106,1.0
13,2016-01-23-118,1.0
13,2016-01-23-130,1.0
13,2016-01-23-142,1.0
13,2016-01-25-58,1.0
13,2016-01-25-70,1.0
13,2016-01-25-82,1.0
13,2016-01-25-94,1.0
13,2016-01-25-106,1.0
13,2016-01-25-118,1.0
13,2016-01-25-130,1.0
13,2016-01-25-142,1.0
13,2016-01-27-46,1.0
13,2016-01-27-58,1.0
13,2016-01-27-70,1.0
13,2016-01-27-82,1.0
13,2016-01-27-94,1.0
13,2016-01-27-106,1.0
13,2016-01-27-118,1.0
13,2016-01-27-130,1.0
13,2016-01-27-142,1.0
13,2016-01-29-58,1.0
13,2016-01-29-70,1.0
13,2016-01-29-82,1.0
13,2016-01-29-94,1.0
13,2016-01-29-106,1.0
13,2016-01-29-118,1.0
13,2016-01-29-130,1.0
13,2016-01-29-142,1.0
13,2016-01-31-46,1.0
13,2016-01-31-58,1.0
13,2016-01-31-70,1.0
13,2016-01-31-82,1.0
13,2016-01-31-94,1.0
13,2016-01-31-106,1.0
13,2016-01-31-118,1.0
13,2016-01-31-130,1.0
13,2016-01-31-142,1.7
14,2016-01-23-46,2.6
14,2016-01-23-58,1.0
14,2016-01-23-70,1.0
14,2016-01-23-82,1.0
14,2016-01-23-94,1.0
14,2016-01-23-106,1.6
14,2016-01-23-118,1.3
14,2016-01-23-130,1.2
14,2016-01-23-142,1.0
14,2016-01-25-58,1.0
14,2016-01-25-70,1.0
14,2016-01-25-82,2.6
14,2016-01-25-94,2.3
14,2016-01-25-106,3.4
14,2016-01-25-118,3.0
14,2016-01-25-130,1.0
14,2016-01-25-142,1.0
14,2016-01-27-46,3.2
14,2016-01-27-58,1.5
14,2016-01-27-70,1.9
14,2016-01-27-82,2.9
14,2016-01-27-94,2.4
14,2016-01-27-106,2.8
14,2016-01-27-118,2.6
14,2016-01-27-130,2.1
14,2016-01-27-142,2.1
14,2016-01-29-58,1.4
14,2016-01-29-70,1.8
14,2016-01-29-82,2.4
14,2016-01-29-94,2.2
14,2016-01-29-106,2.5
14,2016-01-29-118,2.5
14,2016-01-29-130,2.2
14,2016-01-29-142,1.7
14,2016-01-31-46,3.4
14,2016-01-31-58,1.3
14,2016-01-31-70,1.9
14,2016-01-31-82,2.1
14,2016-01-31-94,3.1
14,2016-01-31-106,2.6
14,2016-01-31-118,2.6
14,2016-01-31-130,2.9
14,2016-01-31-142,1.7
15,2016-01-23-46,1.0
15,2016-01-23-58,1.5
15,2016-01-23-70,1.5
15,2016-01-23-82,1.5
15,2016-01-23-94,1.2
15,2016-01-23-106,1.2
15,2016-01-23-118,1.2
15,2016-01-23-130,1.3
15,2016-01-23-142,1.3
15,2016-01-25-58,1.4
15,2016-01-25-70,1.5
15,2016-01-25-82,1.0
15,2016-01-25-94,1.0
15,2016-01-25-106,1.0
15,2016-01-25-118,1.0
15,2016-01-25-130,1.2
15,2016-01-25-142,1.2
15,2016-01-27-46,1.0
15,2016-01-27-58,1.0
15,2016-01-27-70,1.0
15,2016-01-27-82,1.0
15,2016-01-27-94,1.0
15,2016-01-27-106,1.0
15,2016-01-27-118,1.0
15,2016-01-27-130,1.0
15,2016-01-27-142,1.0
15,2016-01-29-58,1.0
15,2016-01-29-70,1.0
15,2016-01-29-82,1.0
15,2016-01-29-94,1.0
15,2016-01-29-106,1.0
15,2016-01-29-118,1.0
15,2016-01-29-130,1.0
15,2016-01-29-142,1.0
15,2016-01-31-46,1.0
15,2016-01-31-58,1.0
15,2016-01-31-70,1.0
15,2016-01-31-82,1.0
15,2016-01-31-94,1.0
15,2016-01-31-106,1.0
15,2016-01-31-118,1.0
15,2016-01-31-130,1.0
15,2016-01-31-142,1.0
16,2016-01-23-46,1.0
16,2016-01-23-58,1.0
16,2016-01-23-70,2.2
16,2016-01-23-82,1.0
16,2016-01-23-94,2.1
16,2016-01-23-106,2.2
16,2016-01-23-118,1.0
16,2016-01-23-130,1.0
16,2016-01-23-142,1.0
16,2016-01-25-58,1.0
16,2016-01-25-70,1.0
16,2016-01-25-82,1.0
16,2016-01-25-94,1.0
16,2016-01-25-106,1.0
16,2016-01-25-118,1.0
16,2016-01-25-130,1.0
16,2016-01-25-142,1.0
16,2016-01-27-46,1.0
16,2016-01-27-58,1.0
16,2016-01-27-70,1.0
16,2016-01-27-82,1.0
16,2016-01-27-94,1.0
16,2016-01-27-106,1.0
16,2016-01-27-118,1.0
16,2016-01-27-130,1.0
16,2016-01-27-142,1.0
16,2016-01-29-58,1.0
16,2016-01-29-70,1.0
16,2016-01-29-82,1.0
16,2016-01-29-94,1.0
16,2016-01-29-106,1.0
16,2016-01-29-118,1.0
16,2016-01-29-130,1.0
16,2016-01-29-142,1.0
16,2016-01-31-46,1.0
16,2016-01-31-58,1.0
16,2016-01-31-70,1.0
16,2016-01-31-82,1.0
16,2016-01-31-94,1.0
16,2016-01-31-106,1.0
16,2016-01-31-118,1.0
16,2016-01-31-130,1.0
16,2016-01-31-142,1.0
17,2016-01-23-46,1.0
17,2016-01-23-58,1.0
17,2016-01-23-70,1.0
17,2016-01-23-82,1.0
17,2016-01-23-94,1.0
17,2016-01-23-106,1.0
17,2016-01-23-118,1.0
17,2016-01-23-130,1.0
17,2016-01-23-142,1.0
17,2016-01-25-58,1.0
17,2016-01-25-70,1.0
17,2016-01-25-82,1.0
17,2016-01-25-94,1.0
17,2016-01-25-106,1.0
17,2016-01-25-118,1.0
17,2016-01-25-130,1.0
17,2016-01-25-142,1.0
17,2016-01-27-46,1.0
17,2016-01-27-58,1.0
17,2016-01-27-70,1.0
17,2016-01-27-82,1.0
17,2016-01-27-94,1.0
17,2016-01-27-106,1.0
17,2016-01-27-118,1.0
17,2016-01-27-130,1.0
17,2016-01-27-142,1.0
17,2016-01-29-58,1.0
17,2016-01-29-70,1.0
17,2016-01-29-82,1.0
17,2016-01-29-94,1.0
17,2016-01-29-106,1.0
17,2016-01-29-118,1.0
17,2016-01-29-130,1.0
17,2016-01-29-142,1.0
17,2016-01-31-46,1.0
17,2016-01-31-58,1.0
17,2016-01-31-70,1.0
17,2016-01-31-82,1.0
17,2016-01-31-94,1.0
17,2016-01-31-106,1.0
17,2016-01-31-118,1.0
17,2016-01-31-130,1.0
17,2016-01-31-142,1.0
18,2016-01-23-46,1.0
18,2016-01-23-58,3.4
18,2016-01-23-70,3.5
18,2016-01-23-82,3.5
18,2016-01-23-94,3.2
18,2016-01-23-106,3.3
18,2016-01-23-118,3.2
18,2016-01-23-130,3.3
18,2016-01-23-142,3.2
18,2016-01-25-58,3.5
18,2016-01-25-70,3.6
18,2016-01-25-82,1.2
18,2016-01-25-94,1.0
18,2016-01-25-106,1.0
18,2016-01-25-118,1.0
18,2016-01-25-130,3.3
18,2016-01-25-142,3.2
18,2016-01-27-46,1.0
18,2016-01-27-58,1.0
18,2016-01-27-70,1.0
18,2016-01-27-82,1.0
18,2016-01-27-94,1.0
18,2016-01-27-106,1.0
18,2016-01-27-118,1.0
18,2016-01-27-130,1.0
18,2016-01-27-142,1.0
18,2016-01-29-58,1.0
18,2016-01-29-70,1.0
18,2016-01-29-82,1.0
18,2016-01-29-94,1.0
18,2016-01-29-106,1.0
18,2016-01-29-118,1.0
18,2016-01-29-130,1.0
18,2016-01-29-142,1.0
18,2016-01-31-46,1.0
18,2016-01-31-58,1.0
18,2016-01-31-70,1.0
18,2016-01-31-82,1.0
18,2016-01-31-94,1.0
18,2016-01-31-106,1.0
18,2016-01-31-118,1.0
18,2016-01-31-130,1.0
18,2016-01-31-142,1.3
19,2016-01-23-46,1.4
19,2016-01-23-58,1.0
19,2016-01-23-70,1.0
19,2016-01-23-82,1.0
19,2016-01-23-94,1.0
19,2016-01-23-106,1.0
19,2016-01-23-118,1.0
19,2016-01-23-130,1.0
19,2016-01-23-142,1.8
19,2016-01-25-58,1.0
19,2016-01-25-70,1.0
19,2016-01-25-82,2.3
19,2016-01-25-94,2.1
19,2016-01-25-106,2.2
19,2016-01-25-118,2.0
19,2016-01-25-130,1.0
19,2016-01-25-142,1.5
19,2016-01-27-46,2.8
19,2016-01-27-58,2.0
19,2016-01-27-70,1.5
19,2016-01-27-82,1.5
19,2016-01-27-94,2.0
19,2016-01-27-106,2.1
19,2016-01-27-118,2.1
19,2016-01-27-130,1.8
19,2016-01-27-142,1.6
19,2016-01-29-58,1.4
19,2016-01-29-70,2.0
19,2016-01-29-82,2.0
19,2016-01-29-94,2.0
19,2016-01-29-106,2.2
19,2016-01-29-118,2.1
19,2016-01-29-130,1.4
19,2016-01-29-142,1.1
19,2016-01-31-46,1.2
19,2016-01-31-58,1.3
19,2016-01-31-70,1.5
19,2016-01-31-82,1.5
19,2016-01-31-94,1.7
19,2016-01-31-106,2.2
19,2016-01-31-118,1.9
19,2016-01-31-130,1.7
19,2016-01-31-142,1.2
20,2016-01-23-46,1.8
20,2016-01-23-58,1.0
20,2016-01-23-70,1.0
20,2016-01-23-82,1.4
20,2016-01-23-94,1.3
20,2016-01-23-106,1.3
20,2016-01-23-118,1.1
20,2016-01-23-130,1.2
20,2016-01-23-142,2.3
20,2016-01-25-58,1.0
20,2016-01-25-70,1.4
20,2016-01-25-82,2.6
20,2016-01-25-94,2.5
20,2016-01-25-106,2.8
20,2016-01-25-118,2.6
20,2016-01-25-130,1.1
20,2016-01-25-142,1.0
20,2016-01-27-46,4.5
20,2016-01-27-58,1.9
20,2016-01-27-70,2.2
20,2016-01-27-82,2.3
20,2016-01-27-94,2.3
20,2016-01-27-106,3.0
20,2016-01-27-118,2.4
20,2016-01-27-130,2.4
20,2016-01-27-142,1.9
20,2016-01-29-58,1.6
20,2016-01-29-70,1.7
20,2016-01-29-82,2.0
20,2016-01-29-94,2.2
20,2016-01-29-106,2.9
20,2016-01-29-118,2.3
20,2016-01-29-130,2.3
20,2016-01-29-142,1.5
20,2016-01-31-46,2.0
20,2016-01-31-58,1.4
20,2016-01-31-70,2.3
20,2016-01-31-82,2.2
20,2016-01-31-94,2.3
20,2016-01-31-106,2.7
20,2016-01-31-118,2.6
20,2016-01-31-130,2.5
20,2016-01-31-142,1.1
21,2016-01-23-46,2.1
21,2016-01-23-58,4.6
21,2016-01-23-70,4.9
21,2016-01-23-82,5.0
21,2016-01-23-94,4.5
21,2016-01-23-106,5.1
21,2016-01-23-118,5.1
21,2016-01-23-130,4.4
21,2016-01-23-142,4.3
21,2016-01-25-58,4.8
21,2016-01-25-70,4.9
21,2016-01-25-82,2.3
21,2016-01-25-94,2.0
21,2016-01-25-106,2.5
21,2016-01-25-118,2.5
21,2016-01-25-130,4.4
21,2016-01-25-142,3.9
21,2016-01-27-46,2.4
21,2016-01-27-58,2.0
21,2016-01-27-70,2.1
21,2016-01-27-82,1.8
21,2016-01-27-94,1.9
21,2016-01-27-106,2.5
21,2016-01-27-118,2.8
21,2016-01-27-130,1.9
21,2016-01-27-142,1.2
21,2016-01-29-58,1.7
21,2016-01-29-70,1.8
21,2016-01-29-82,2.1
21,2016-01-29-94,1.9
21,2016-01-29-106,2.5
21,2016-01-29-118,2.6
21,2016-01-29-130,2.1
21,2016-01-29-142,1.0
21,2016-01-31-46,1.6
21,2016-01-31-58,1.5
21,2016-01-31-70,1.9
21,2016-01-31-82,1.7
21,2016-01-31-94,1.8
21,2016-01-31-106,2.3
21,2016-01-31-118,2.0
21,2016-01-31-130,1.4
21,2016-01-31-142,1.0
22,2016-01-23-46,2.7
22,2016-01-23-58,4.3
22,2016-01-23-70,4.3
22,2016-01-23-82,4.9
22,2016-01-23-94,4.5
22,2016-01-23-106,3.9
22,2016-01-23-118,3.8
22,2016-01-23-130,4.0
22,2016-01-23-142,3.1
22,2016-01-25-58,4.0
22,2016-01-25-70,4.6
22,2016-01-25-82,5.3
22,2016-01-25-94,4.9
22,2016-01-25-106,4.8
22,2016-01-25-118,5.0
22,2016-01-25-130,3.9
22,2016-01-25-142,3.0
22,2016-01-27-46,3.6
22,2016-01-27-58,4.8
22,2016-01-27-70,4.5
22,2016-01-27-82,5.1
22,2016-01-27-94,4.3
22,2016-01-27-106,4.8
22,2016-01-27-118,5.2
22,2016-01-27-130,4.7
22,2016-01-27-142,2.5
22,2016-01-29-58,4.4
22,2016-01-29-70,4.4
22,2016-01-29-82,4.7
22,2016-01-29-94,5.0
22,2016-01-29-106,5.1
22,2016-01-29-118,5.0
22,2016-01-29-130,4.6
22,2016-01-29-142,2.3
22,2016-01-31-46,2.7
22,2016-01-31-58,4.6
22,2016-01-31-70,5.0
22,2016-01-31-82,4.7
22,2016-01-31-94,4.5
22,2016-01-31-106,5.4
22,2016-01-31-118,5.4
22,2016-01-31-130,4.2
22,2016-01-31-142,2.6
23,2016-01-23-46,6.4
23,2016-01-23-58,4.3
23,2016-01-23-70,4.3
23,2016-01-23-82,5.0
23,2016-01-23-94,5.3
23,2016-01-23-106,6.3
23,2016-01-23-118,6.2
23,2016-01-23-130,5.0
23,2016-01-23-142,3.8
23,2016-01-25-58,4.7
23,2016-01-25-70,4.5
23,2016-01-25-82,5.0
23,2016-01-25-94,5.8
23,2016-01-25-106,5.5
23,2016-01-25-118,6.4
23,2016-01-25-130,4.4
23,2016-01-25-142,5.6
23,2016-01-27-46,4.0
23,2016-01-27-58,3.4
23,2016-01-27-70,5.1
23,2016-01-27-82,4.3
23,2016-01-27-94,5.3
23,2016-01-27-106,5.6
23,2016-01-27-118,5.2
23,2016-01-27-130,4.9
23,2016-01-27-142,4.1
23,2016-01-29-58,4.2
23,2016-01-29-70,4.8
23,2016-01-29-82,5.5
23,2016-01-29-94,5.9
23,2016-01-29-106,5.7
23,2016-01-29-118,5.6
23,2016-01-29-130,5.4
23,2016-01-29-142,3.6
23,2016-01-31-46,3.5
23,2016-01-31-58,4.0
23,2016-01-31-70,4.7
23,2016-01-31-82,4.5
23,2016-01-31-94,5.8
23,2016-01-31-106,4.7
23,2016-01-31-118,5.1
23,2016-01-31-130,4.2
23,2016-01-31-142,2.6
24,2016-01-23-46,4.5
24,2016-01-23-58,1.2
24,2016-01-23-70,1.0
24,2016-01-23-82,1.0
24,2016-01-23-94,1.4
24,2016-01-23-106,1.6
24,2016-01-23-118,1.1
24,2016-01-23-130,1.2
24,2016-01-23-142,1.0
24,2016-01-25-58,1.0
24,2016-01-25-70,1.1
24,2016-01-25-82,3.1
24,2016-01-25-94,3.0
24,2016-01-25-106,3.6
24,2016-01-25-118,3.3
24,2016-01-25-130,1.4
24,2016-01-25-142,1.0
24,2016-01-27-46,4.3
24,2016-01-27-58,2.2
24,2016-01-27-70,2.5
24,2016-01-27-82,2.4
24,2016-01-27-94,2.3
24,2016-01-27-106,2.5
24,2016-01-27-118,2.6
24,2016-01-27-130,2.1
24,2016-01-27-142,1.7
24,2016-01-29-58,2.2
24,2016-01-29-70,2.4
24,2016-01-29-82,2.5
24,2016-01-29-94,2.5
24,2016-01-29-106,2.5
24,2016-01-29-118,2.6
24,2016-01-29-130,2.6
24,2016-01-29-142,1.9
24,2016-01-31-46,3.4
24,2016-01-31-58,2.6
24,2016-01-31-70,2.6
24,2016-01-31-82,2.9
24,2016-01-31-94,2.6
24,2016-01-31-106,3.1
24,2016-01-31-118,3.1
24,2016-01-31-130,2.6
24,2016-01-31-142,1.8
25,2016-01-23-46,1.0
25,2016-01-23-58,1.0
25,2016-01-23-70,1.0
25,2016-01-23-82,1.0
25,2016-01-23-94,1.0
25,2016-01-23-106,1.0
25,2016-01-23-118,1.0
25,2016-01-23-130,1.2
25,2016-01-23-142,1.0
25,2016-01-25-58,1.0
25,2016-01-25-70,1.4
25,2016-01-25-82,1.4
25,2016-01-25-94,1.2
25,2016-01-25-106,1.3
25,2016-01-25-118,1.5
25,2016-01-25-130,1.0
25,2016-01-25-142,1.2
25,2016-01-27-46,1.1
25,2016-01-27-58,1.0
25,2016-01-27-70,1.0
25,2016-01-27-82,1.0
25,2016-01-27-94,1.0
25,2016-01-27-106,1.3
25,2016-01-27-118,1.2
25,2016-01-27-130,1.0
25,2016-01-27-142,1.0
25,2016-01-29-58,1.0
25,2016-01-29-70,1.0
25,2016-01-29-82,1.0
25,2016-01-29-94,1.1
25,2016-01-29-106,1.4
25,2016-01-29-118,1.0
25,2016-01-29-130,1.0
25,2016-01-29-142,1.0
25,2016-01-31-46,1.0
25,2016-01-31-58,1.0
25,2016-01-31-70,1.0
25,2016-01-31-82,1.0
25,2016-01-31-94,1.1
25,2016-01-31-106,1.6
25,2016-01-31-118,1.2
25,2016-01-31-130,1.3
25,2016-01-31-142,1.0
26,2016-01-23-46,1.8
26,2016-01-23-58,4.9
26,2016-01-23-70,4.8
26,2016-01-23-82,5.0
26,2016-01-23-94,4.7
26,2016-01-23-106,4.8
26,2016-01-23-118,4.6
26,2016-01-23-130,4.3
26,2016-01-23-142,4.1
26,2016-01-25-58,5.1
26,2016-01-25-70,5.1
26,2016-01-25-82,2.5
26,2016-01-25-94,1.9
26,2016-01-25-106,2.3
26,2016-01-25-118,2.1
26,2016-01-25-130,4.3
26,2016-01-25-142,4.1
26,2016-01-27-46,1.8
26,2016-01-27-58,2.1
26,2016-01-27-70,2.1
26,2016-01-27-82,2.1
26,2016-01-27-94,1.8
26,2016-01-27-106,1.9
26,2016-01-27-118,1.9
26,2016-01-27-130,1.2
26,2016-01-27-142,1.1
26,2016-01-29-58,2.1
26,2016-01-29-70,2.1
26,2016-01-29-82,2.1
26,2016-01-29-94,1.8
26,2016-01-29-106,2.0
26,2016-01-29-118,1.9
26,2016-01-29-130,1.5
26,2016-01-29-142,1.3
26,2016-01-31-46,1.8
26,2016-01-31-58,2.1
26,2016-01-31-70,2.0
26,2016-01-31-82,1.9
26,2016-01-31-94,1.7
26,2016-01-31-106,2.3
26,2016-01-31-118,2.1
26,2016-01-31-130,1.6
26,2016-01-31-142,2.0
27,2016-01-23-46,3.2
27,2016-01-23-58,1.8
27,2016-01-23-70,2.6
27,2016-01-23-82,3.1
27,2016-01-23-94,2.8
27,2016-01-23-106,2.4
27,2016-01-23-118,3.0
27,2016-01-23-130,2.7
27,2016-01-23-142,1.8
27,2016-01-25-58,1.9
27,2016-01-25-70,2.8
27,2016-01-25-82,3.9
27,2016-01-25-94,3.1
27,2016-01-25-106,4.2
27,2016-01-25-118,4.3
27,2016-01-25-130,3.0
27,2016-01-25-142,1.2
27,2016-01-27-46,3.9
27,2016-01-27-58,2.9
27,2016-01-27-70,3.4
27,2016-01-27-82,3.7
27,2016-01-27-94,3.6
27,2016-01-27-106,6.0
27,2016-01-27-118,3.9
27,2016-01-27-130,3.5
27,2016-01-27-142,2.3
27,2016-01-29-58,3.2
27,2016-01-29-70,3.5
27,2016-01-29-82,3.9
27,2016-01-29-94,3.8
27,2016-01-29-106,3.8
27,2016-01-29-118,4.0
27,2016-01-29-130,3.6
27,2016-01-29-142,2.4
27,2016-01-31-46,3.0
27,2016-01-31-58,2.8
27,2016-01-31-70,3.4
27,2016-01-31-82,3.6
27,2016-01-31-94,3.6
27,2016-01-31-106,4.6
27,2016-01-31-118,4.2
27,2016-01-31-130,3.4
27,2016-01-31-142,2.5
28,2016-01-23-46,3.9
28,2016-01-23-58,1.6
28,2016-01-23-70,2.7
28,2016-01-23-82,1.9
28,2016-01-23-94,3.0
28,2016-01-23-106,4.5
28,2016-01-23-118,3.1
28,2016-01-23-130,2.6
28,2016-01-23-142,3.7
28,2016-01-25-58,3.1
28,2016-01-25-70,2.8
28,2016-01-25-82,4.2
28,2016-01-25-94,4.2
28,2016-01-25-106,3.9
28,2016-01-25-118,4.6
28,2016-01-25-130,3.2
28,2016-01-25-142,1.5
28,2016-01-27-46,3.0
28,2016-01-27-58,2.1
28,2016-01-27-70,2.1
28,2016-01-27-82,3.3
28,2016-01-27-94,3.4
28,2016-01-27-106,5.2
28,2016-01-27-118,3.3
28,2016-01-27-130,4.2
28,2016-01-27-142,3.7
28,2016-01-29-58,2.9
28,2016-01-29-70,2.6
28,2016-01-29-82,2.9
28,2016-01-29-94,4.3
28,2016-01-29-106,5.6
28,2016-01-29-118,3.2
28,2016-01-29-130,3.6
28,2016-01-29-142,3.1
28,2016-01-31-46,3.5
28,2016-01-31-58,2.9
28,2016-01-31-70,3.7
28,2016-01-31-82,3.5
28,2016-01-31-94,3.7
28,2016-01-31-106,3.6
28,2016-01-31-118,4.6
28,2016-01-31-130,4.7
28,2016-01-31-142,2.7
29,2016-01-23-46,1.7
29,2016-01-23-58,1.4
29,2016-01-23-70,1.0
29,2016-01-23-82,1.5
29,2016-01-23-94,1.0
29,2016-01-23-106,1.0
29,2016-01-23-118,1.0
29,2016-01-23-130,1.0
29,2016-01-23-142,1.2
29,2016-01-25-58,2.3
29,2016-01-25-70,2.1
29,2016-01-25-82,2.9
29,2016-01-25-94,1.2
29,2016-01-25-106,1.8
29,2016-01-25-118,1.8
29,2016-01-25-130,1.0
29,2016-01-25-142,1.2
29,2016-01-27-46,3.0
29,2016-01-27-58,1.5
29,2016-01-27-70,1.7
29,2016-01-27-82,1.8
29,2016-01-27-94,1.1
29,2016-01-27-106,1.1
29,2016-01-27-118,1.2
29,2016-01-27-130,1.3
29,2016-01-27-142,1.1
29,2016-01-29-58,1.9
29,2016-01-29-70,1.9
29,2016-01-29-82,1.7
29,2016-01-29-94,1.0
29,2016-01-29-106,1.2
29,2016-01-29-118,1.3
29,2016-01-29-130,1.2
29,2016-01-29-142,1.0
29,2016-01-31-46,1.4
29,2016-01-31-58,1.5
29,2016-01-31-70,1.7
29,2016-01-31-82,1.2
29,2016-01-31-94,1.0
29,2016-01-31-106,1.7
29,2016-01-31-118,1.8
29,2016-01-31-130,1.7
29,2016-01-31-142,1.0
30,2016-01-23-46,1.0
30,2016-01-23-58,1.0
30,2016-01-23-70,1.0
30,2016-01-23-82,1.0
30,2016-01-23-94,1.0
30,2016-01-23-106,1.0
30,2016-01-23-118,1.0
30,2016-01-23-130,1.0
30,2016-01-23-142,1.0
30,2016-01-25-58,1.0
30,2016-01-25-70,1.0
30,2016-01-25-82,1.0
30,2016-01-25-94,1.0
30,2016-01-25-106,1.0
30,2016-01-25-118,1.0
30,2016-01-25-130,1.0
30,2016-01-25-142,1.0
30,2016-01-27-46,1.0
30,2016-01-27-58,1.0
30,2016-01-27-70,1.0
30,2016-01-27-82,1.0
30,2016-01-27-94,1.0
30,2016-01-27-106,1.0
30,2016-01-27-118,1.0
30,2016-01-27-130,1.0
30,2016-01-27-142,1.0
30,2016-01-29-58,1.0
30,2016-01-29-70,1.0
30,2016-01-29-82,1.0
30,2016-01-29-94,1.0
30,2016-01-29-106,1.0
30,2016-01-29-118,1.0
30,2016-01-29-130,1.0
30,2016-01-29-142,1.0
30,2016-01-31-46,1.0
30,2016-01-31-58,1.0
30,2016-01-31-70,1.0
30,2016-01-31-82,1.0
30,2016-01-31-94,1.0
30,2016-01-31-106,1.0
30,2016-01-31-118,1.0
30,2016-01-31-130,1.0
30,2016-01-31-142,1.0
31,2016-01-23-46,2.0
31,2016-01-23-58,2.3
31,2016-01-23-70,2.1
31,2016-01-23-82,2.2
31,2016-01-23-94,1.9
31,2016-01-23-106,2.1
31,2016-01-23-118,1.5
31,2016-01-23-130,1.6
31,2016-01-23-142,1.4
31,2016-01-25-58,2.1
31,2016-01-25-70,2.2
31,2016-01-25-82,1.7
31,2016-01-25-94,1.2
31,2016-01-25-106,1.2
31,2016-01-25-118,1.1
31,2016-01-25-130,1.5
31,2016-01-25-142,1.5
31,2016-01-27-46,1.4
31,2016-01-27-58,1.5
31,2016-01-27-70,1.5
31,2016-01-27-82,1.4
31,2016-01-27-94,1.2
31,2016-01-27-106,1.1
31,2016-01-27-118,1.0
31,2016-01-27-130,1.0
31,2016-01-27-142,1.0
31,2016-01-29-58,1.5
31,2016-01-29-70,1.4
31,2016-01-29-82,1.5
31,2016-01-29-94,1.1
31,2016-01-29-106,1.0
31,2016-01-29-118,1.0
31,2016-01-29-130,1.0
31,2016-01-29-142,1.0
31,2016-01-31-46,1.5
31,2016-01-31-58,1.4
31,2016-01-31-70,1.5
31,2016-01-31-82,1.5
31,2016-01-31-94,1.2
31,2016-01-31-106,1.6
31,2016-01-31-118,1.1
31,2016-01-31-130,1.0
31,2016-01-31-142,1.3
32,2016-01-23-46,1.0
32,2016-01-23-58,1.0
32,2016-01-23-70,1.0
32,2016-01-23-82,1.0
32,2016-01-23-94,1.0
32,2016-01-23-106,1.0
32,2016-01-23-118,1.0
32,2016-01-23-130,1.0
32,2016-01-23-142,1.0
32,2016-01-25-58,1.0
32,2016-01-25-70,1.0
32,2016-01-25-82,1.0
32,2016-01-25-94,1.0
32,2016-01-25-106,1.0
32,2016-01-25-118,1.0
32,2016-01-25-130,1.0
32,2016-01-25-142,1.0
32,2016-01-27-46,1.0
32,2016-01-27-58,1.0
32,2016-01-27-70,1.0
32,2016-01-27-82,1.0
32,2016-01-27-94,1.0
32,2016-01-27-106,1.0
32,2016-01-27-118,1.0
32,2016-01-27-130,1.0
32,2016-01-27-142,1.0
32,2016-01-29-58,1.0
32,2016-01-29-70,1.0
32,2016-01-29-82,1.0
32,2016-01-29-94,1.0
32,2016-01-29-106,1.0
32,2016-01-29-118,1.0
32,2016-01-29-130,1.0
32,2016-01-29-142,1.0
32,2016-01-31-46,1.0
32,2016-01-31-58,1.0
32,2016-01-31-70,1.0
32,2016-01-31-82,1.0
32,2016-01-31-94,1.0
32,2016-01-31-106,1.0
32,2016-01-31-118,1.0
32,2016-01-31-130,1.0
32,2016-01-31-142,1.0
33,2016-01-23-46,1.0
33,2016-01-23-58,1.0
33,2016-01-23-70,1.0
33,2016-01-23-82,1.0
33,2016-01-23-94,1.1
33,2016-01-23-106,1.0
33,2016-01-23-118,1.0
33,2016-01-23-130,1.0
33,2016-01-23-142,1.0
33,2016-01-25-58,1.0
33,2016-01-25-70,1.0
33,2016-01-25-82,1.0
33,2016-01-25-94,1.0
33,2016-01-25-106,1.0
33,2016-01-25-118,1.0
33,2016-01-25-130,1.0
33,2016-01-25-142,1.0
33,2016-01-27-46,1.0
33,2016-01-27-58,1.0
33,2016-01-27-70,1.0
33,2016-01-27-82,1.0
33,2016-01-27-94,1.0
33,2016-01-27-106,1.0
33,2016-01-27-118,1.0
33,2016-01-27-130,1.0
33,2016-01-27-142,1.0
33,2016-01-29-58,1.0
33,2016-01-29-70,1.0
33,2016-01-29-82,1.0
33,2016-01-29-94,1.0
33,2016-01-29-106,1.0
33,2016-01-29-118,1.0
33,2016-01-29-130,1.0
33,2016-01-29-142,1.0
33,2016-01-31-46,1.0
33,2016-01-31-58,1.0
33,2016-01-31-70,1.0
33,2016-01-31-82,1.0
33,2016-01-31-94,1.0
33,2016-01-31-106,1.0
33,2016-01-31-118,1.0
33,2016-01-31-130,1.0
33,2016-01-31-142,1.0
34,2016-01-23-46,1.0
34,2016-01-23-58,1.0
34,2016-01-23-70,1.0
34,2016-01-23-82,1.0
34,2016-01-23-94,1.0
34,2016-01-23-106,1.0
34,2016-01-23-118,1.0
34,2016-01-23-130,1.0
34,2016-01-23-142,1.0
34,2016-01-25-58,1.0
34,2016-01-25-70,1.0
34,2016-01-25-82,1.1
34,2016-01-25-94,1.0
34,2016-01-25-106,1.0
34,2016-01-25-118,1.0
34,2016-01-25-130,1.0
34,2016-01-25-142,1.0
34,2016-01-27-46,1.0
34,2016-01-27-58,1.0
34,2016-01-27-70,1.0
34,2016-01-27-82,1.0
34,2016-01-27-94,1.0
34,2016-01-27-106,1.0
34,2016-01-27-118,1.0
34,2016-01-27-130,1.0
34,2016-01-27-142,1.0
34,2016-01-29-58,1.0
34,2016-01-29-70,1.0
34,2016-01-29-82,1.0
34,2016-01-29-94,1.0
34,2016-01-29-106,1.0
34,2016-01-29-118,1.0
34,2016-01-29-130,1.0
34,2016-01-29-142,1.0
34,2016-01-31-46,1.0
34,2016-01-31-58,1.0
34,2016-01-31-70,1.0
34,2016-01-31-82,1.0
34,2016-01-31-94,1.0
34,2016-01-31-106,1.0
34,2016-01-31-118,1.0
34,2016-01-31-130,1.0
34,2016-01-31-142,1.0
35,2016-01-23-46,1.0
35,2016-01-23-58,1.0
35,2016-01-23-70,1.0
35,2016-01-23-82,1.0
35,2016-01-23-94,1.0
35,2016-01-23-106,1.0
35,2016-01-23-118,1.0
35,2016-01-23-130,1.0
35,2016-01-23-142,1.0
35,2016-01-25-58,1.0
35,2016-01-25-70,1.0
35,2016-01-25-82,1.0
35,2016-01-25-94,1.0
35,2016-01-25-106,1.0
35,2016-01-25-118,1.0
35,2016-01-25-130,1.0
35,2016-01-25-142,1.0
35,2016-01-27-46,1.0
35,2016-01-27-58,1.0
35,2016-01-27-70,1.0
35,2016-01-27-82,1.0
35,2016-01-27-94,1.0
35,2016-01-27-106,1.0
35,2016-01-27-118,1.0
35,2016-01-27-130,1.0
35,2016-01-27-142,1.0
35,2016-01-29-58,1.0
35,2016-01-29-70,1.0
35,2016-01-29-82,1.0
35,2016-01-29-94,1.0
35,2016-01-29-106,1.0
35,2016-01-29-118,1.0
35,2016-01-29-130,1.0
35,2016-01-29-142,1.0
35,2016-01-31-46,1.0
35,2016-01-31-58,1.0
35,2016-01-31-70,1.0
35,2016-01-31-82,1.0
35,2016-01-31-94,1.0
35,2016-01-31-106,1.0
35,2016-01-31-118,1.0
35,2016-01-31-130,1.0
35,2016-01-31-142,1.0
36,2016-01-23-46,1.0
36,2016-01-23-58,1.0
36,2016-01-23-70,1.0
36,2016-01-23-82,1.0
36,2016-01-23-94,1.0
36,2016-01-23-106,2.0
36,2016-01-23-118,3.1
36,2016-01-23-130,1.0
36,2016-01-23-142,1.0
36,2016-01-25-58,1.0
36,2016-01-25-70,1.0
36,2016-01-25-82,1.0
36,2016-01-25-94,1.0
36,2016-01-25-106,1.0
36,2016-01-25-118,1.0
36,2016-01-25-130,1.0
36,2016-01-25-142,1.0
36,2016-01-27-46,1.0
36,2016-01-27-58,1.0
36,2016-01-27-70,1.0
36,2016-01-27-82,1.0
36,2016-01-27-94,1.0
36,2016-01-27-106,1.0
36,2016-01-27-118,1.0
36,2016-01-27-130,1.0
36,2016-01-27-142,1.0
36,2016-01-29-58,1.0
36,2016-01-29-70,1.0
36,2016-01-29-82,1.0
36,2016-01-29-94,1.0
36,2016-01-29-106,1.0
36,2016-01-29-118,1.0
36,2016-01-29-130,1.0
36,2016-01-29-142,1.0
36,2016-01-31-46,1.0
36,2016-01-31-58,1.0
36,2016-01-31-70,1.0
36,2016-01-31-82,1.0
36,2016-01-31-94,1.0
36,2016-01-31-106,1.0
36,2016-01-31-118,1.0
36,2016-01-31-130,1.0
36,2016-01-31-142,2.6
37,2016-01-23-46,3.6
37,2016-01-23-58,2.7
37,2016-01-23-70,2.5
37,2016-01-23-82,2.8
37,2016-01-23-94,3.6
37,2016-01-23-106,3.5
37,2016-01-23-118,3.8
37,2016-01-23-130,2.0
37,2016-01-23-142,3.5
37,2016-01-25-58,3.5
37,2016-01-25-70,3.0
37,2016-01-25-82,3.2
37,2016-01-25-94,5.3
37,2016-01-25-106,4.9
37,2016-01-25-118,4.8
37,2016-01-25-130,2.5
37,2016-01-25-142,1.2
37,2016-01-27-46,2.1
37,2016-01-27-58,1.3
37,2016-01-27-70,2.6
37,2016-01-27-82,2.9
37,2016-01-27-94,4.4
37,2016-01-27-106,3.8
37,2016-01-27-118,4.4
37,2016-01-27-130,3.3
37,2016-01-27-142,2.7
37,2016-01-29-58,2.9
37,2016-01-29-70,1.8
37,2016-01-29-82,2.4
37,2016-01-29-94,4.2
37,2016-01-29-106,5.0
37,2016-01-29-118,3.6
37,2016-01-29-130,3.0
37,2016-01-29-142,2.4
37,2016-01-31-46,3.0
37,2016-01-31-58,2.5
37,2016-01-31-70,3.1
37,2016-01-31-82,3.1
37,2016-01-31-94,3.4
37,2016-01-31-106,3.8
37,2016-01-31-118,4.1
37,2016-01-31-130,2.9
37,2016-01-31-142,1.6
38,2016-01-23-46,1.1
38,2016-01-23-58,3.9
38,2016-01-23-70,3.8
38,2016-01-23-82,3.9
38,2016-01-23-94,3.3
38,2016-01-23-106,3.4
38,2016-01-23-118,3.2
38,2016-01-23-130,3.4
38,2016-01-23-142,3.2
38,2016-01-25-58,3.9
38,2016-01-25-70,3.9
38,2016-01-25-82,1.4
38,2016-01-25-94,1.0
38,2016-01-25-106,1.0
38,2016-01-25-118,1.0
38,2016-01-25-130,3.3
38,2016-01-25-142,3.2
38,2016-01-27-46,1.0
38,2016-01-27-58,1.1
38,2016-01-27-70,1.1
38,2016-01-27-82,1.1
38,2016-01-27-94,1.0
38,2016-01-27-106,1.0
38,2016-01-27-118,1.0
38,2016-01-27-130,1.0
38,2016-01-27-142,1.0
38,2016-01-29-58,1.0
38,2016-01-29-70,1.1
38,2016-01-29-82,1.0
38,2016-01-29-94,1.0
38,2016-01-29-106,1.0
38,2016-01-29-118,1.0
38,2016-01-29-130,1.0
38,2016-01-29-142,1.0
38,2016-01-31-46,1.1
38,2016-01-31-58,1.0
38,2016-01-31-70,1.0
38,2016-01-31-82,1.1
38,2016-01-31-94,1.0
38,2016-01-31-106,1.0
38,2016-01-31-118,1.0
38,2016-01-31-130,1.0
38,2016-01-31-142,1.0
39,2016-01-23-46,1.0
39,2016-01-23-58,1.0
39,2016-01-23-70,1.0
39,2016-01-23-82,1.0
39,2016-01-23-94,1.3
39,2016-01-23-106,1.0
39,2016-01-23-118,1.0
39,2016-01-23-130,1.5
39,2016-01-23-142,1.2
39,2016-01-25-58,1.0
39,2016-01-25-70,1.0
39,2016-01-25-82,1.0
39,2016-01-25-94,1.0
39,2016-01-25-106,1.0
39,2016-01-25-118,1.0
39,2016-01-25-130,1.1
39,2016-01-25-142,1.3
39,2016-01-27-46,1.0
39,2016-01-27-58,1.0
39,2016-01-27-70,1.0
39,2016-01-27-82,1.0
39,2016-01-27-94,1.0
39,2016-01-27-106,1.0
39,2016-01-27-118,1.0
39,2016-01-27-130,1.0
39,2016-01-27-142,1.0
39,2016-01-29-58,1.0
39,2016-01-29-70,1.0
39,2016-01-29-82,1.0
39,2016-01-29-94,1.0
39,2016-01-29-106,1.0
39,2016-01-29-118,1.0
39,2016-01-29-130,1.0
39,2016-01-29-142,1.2
39,2016-01-31-46,1.0
39,2016-01-31-58,1.0
39,2016-01-31-70,1.0
39,2016-01-31-82,1.0
39,2016-01-31-94,1.0
39,2016-01-31-106,1.1
39,2016-01-31-118,1.1
39,2016-01-31-130,1.1
39,2016-01-31-142,1.0
40,2016-01-23-46,1.0
40,2016-01-23-58,1.0
40,2016-01-23-70,1.0
40,2016-01-23-82,1.0
40,2016-01-23-94,1.0
40,2016-01-23-106,1.0
40,2016-01-23-118,1.0
40,2016-01-23-130,1.0
40,2016-01-23-142,1.0
40,2016-01-25-58,1.0
40,2016-01-25-70,1.0
40,2016-01-25-82,1.1
40,2016-01-25-94,1.0
40,2016-01-25-106,1.0
40,2016-01-25-118,1.0
40,2016-01-25-130,1.0
40,2016-01-25-142,1.0
40,2016-01-27-46,1.0
40,2016-01-27-58,1.0
40,2016-01-27-70,1.0
40,2016-01-27-82,1.0
40,2016-01-27-94,1.0
40,2016-01-27-106,1.0
40,2016-01-27-118,1.0
40,2016-01-27-130,1.0
40,2016-01-27-142,1.0
40,2016-01-29-58,1.0
40,2016-01-29-70,1.0
40,2016-01-29-82,1.0
40,2016-01-29-94,1.0
40,2016-01-29-106,1.0
40,2016-01-29-118,1.0
40,2016-01-29-130,1.0
40,2016-01-29-142,1.0
40,2016-01-31-46,1.0
40,2016-01-31-58,1.0
40,2016-01-31-70,1.0
40,2016-01-31-82,1.0
40,2016-01-31-94,1.0
40,2016-01-31-106,1.0
40,2016-01-31-118,1.0
40,2016-01-31-130,1.0
40,2016-01-31-142,1.0
41,2016-01-23-46,1.0
41,2016-01-23-58,1.0
41,2016-01-23-70,1.0
41,2016-01-23-82,1.0
41,2016-01-23-94,1.5
41,2016-01-23-106,3.3
41,2016-01-23-118,1.5
41,2016-01-23-130,1.0
41,2016-01-23-142,1.4
41,2016-01-25-58,1.0
41,2016-01-25-70,1.0
41,2016-01-25-82,1.0
41,2016-01-25-94,1.0
41,2016-01-25-106,1.0
41,2016-01-25-118,1.0
41,2016-01-25-130,1.4
41,2016-01-25-142,1.0
41,2016-01-27-46,1.0
41,2016-01-27-58,1.0
41,2016-01-27-70,1.0
41,2016-01-27-82,1.0
41,2016-01-27-94,1.0
41,2016-01-27-106,1.0
41,2016-01-27-118,1.0
41,2016-01-27-130,1.0
41,2016-01-27-142,1.0
41,2016-01-29-58,1.0
41,2016-01-29-70,1.0
41,2016-01-29-82,1.0
41,2016-01-29-94,1.0
41,2016-01-29-106,1.0
41,2016-01-29-118,1.0
41,2016-01-29-130,1.0
41,2016-01-29-142,1.0
41,2016-01-31-46,1.0
41,2016-01-31-58,1.0
41,2016-01-31-70,1.0
41,2016-01-31-82,1.0
41,2016-01-31-94,1.0
41,2016-01-31-106,1.0
41,2016-01-31-118,1.0
41,2016-01-31-130,1.0
41,2016-01-31-142,2.6
42,2016-01-23-46,1.7
42,2016-01-23-58,1.3
42,2016-01-23-70,1.2
42,2016-01-23-82,2.1
42,2016-01-23-94,2.8
42,2016-01-23-106,2.5
42,2016-01-23-118,2.4
42,2016-01-23-130,1.6
42,2016-01-23-142,1.0
42,2016-01-25-58,1.0
42,2016-01-25-70,1.3
42,2016-01-25-82,3.2
42,2016-01-25-94,3.9
42,2016-01-25-106,4.4
42,2016-01-25-118,4.3
42,2016-01-25-130,1.4
42,2016-01-25-142,1.1
42,2016-01-27-46,3.7
42,2016-01-27-58,2.0
42,2016-01-27-70,2.7
42,2016-01-27-82,2.3
42,2016-01-27-94,2.9
42,2016-01-27-106,2.5
42,2016-01-27-118,2.7
42,2016-01-27-130,2.0
42,2016-01-27-142,2.2
42,2016-01-29-58,2.0
42,2016-01-29-70,2.1
42,2016-01-29-82,1.9
42,2016-01-29-94,3.0
42,2016-01-29-106,2.3
42,2016-01-29-118,3.2
42,2016-01-29-130,2.1
42,2016-01-29-142,1.8
42,2016-01-31-46,2.2
42,2016-01-31-58,1.8
42,2016-01-31-70,2.4
42,2016-01-31-82,2.6
42,2016-01-31-94,2.1
42,2016-01-31-106,3.7
42,2016-01-31-118,3.0
42,2016-01-31-130,2.5
42,2016-01-31-142,1.7
43,2016-01-23-46,1.0
43,2016-01-23-58,1.0
43,2016-01-23-70,1.0
43,2016-01-23-82,1.0
43,2016-01-23-94,1.0
43,2016-01-23-106,1.0
43,2016-01-23-118,1.0
43,2016-01-23-130,1.0
43,2016-01-23-142,1.0
43,2016-01-25-58,1.0
43,2016-01-25-70,1.0
43,2016-01-25-82,1.0
43,2016-01-25-94,1.0
43,2016-01-25-106,1.0
43,2016-01-25-118,1.0
43,2016-01-25-130,1.0
43,2016-01-25-142,1.0
43,2016-01-27-46,1.0
43,2016-01-27-58,1.0
43,2016-01-27-70,1.0
43,2016-01-27-82,1.0
43,2016-01-27-94,1.0
43,2016-01-27-106,1.0
43,2016-01-27-118,1.0
43,2016-01-27-130,1.0
43,2016-01-27-142,1.0
43,2016-01-29-58,1.0
43,2016-01-29-70,1.0
43,2016-01-29-82,1.0
43,2016-01-29-94,1.0
43,2016-01-29-106,1.0
43,2016-01-29-118,1.0
43,2016-01-29-130,1.0
43,2016-01-29-142,1.0
43,2016-01-31-46,1.0
43,2016-01-31-58,1.0
43,2016-01-31-70,1.0
43,2016-01-31-82,1.0
43,2016-01-31-94,1.0
43,2016-01-31-106,1.0
43,2016-01-31-118,1.0
43,2016-01-31-130,1.0
43,2016-01-31-142,1.0
44,2016-01-23-46,1.1
44,2016-01-23-58,1.0
44,2016-01-23-70,1.0
44,2016-01-23-82,1.0
44,2016-01-23-94,1.0
44,2016-01-23-106,1.0
44,2016-01-23-118,1.0
44,2016-01-23-130,1.0
44,2016-01-23-142,1.0
44,2016-01-25-58,1.0
44,2016-01-25-70,1.0
44,2016-01-25-82,1.1
44,2016-01-25-94,1.0
44,2016-01-25-106,1.0
44,2016-01-25-118,1.0
44,2016-01-25-130,1.0
44,2016-01-25-142,1.0
44,2016-01-27-46,1.0
44,2016-01-27-58,1.0
44,2016-01-27-70,1.0
44,2016-01-27-82,1.0
44,2016-01-27-94,1.0
44,2016-01-27-106,1.0
44,2016-01-27-118,1.0
44,2016-01-27-130,1.0
44,2016-01-27-142,1.0
44,2016-01-29-58,1.0
44,2016-01-29-70,1.0
44,2016-01-29-82,1.0
44,2016-01-29-94,1.0
44,2016-01-29-106,1.0
44,2016-01-29-118,1.0
44,2016-01-29-130,1.0
44,2016-01-29-142,1.0
44,2016-01-31-46,1.1
44,2016-01-31-58,1.0
44,2016-01-31-70,1.0
44,2016-01-31-82,1.0
44,2016-01-31-94,1.0
44,2016-01-31-106,1.0
44,2016-01-31-118,1.0
44,2016-01-31-130,1.0
44,2016-01-31-142,1.0
45,2016-01-23-46,1.0
45,2016-01-23-58,3.1
45,2016-01-23-70,3.1
45,2016-01-23-82,3.2
45,2016-01-23-94,2.9
45,2016-01-23-106,3.0
45,2016-01-23-118,2.9
45,2016-01-23-130,3.1
45,2016-01-23-142,2.9
45,2016-01-25-58,3.1
45,2016-01-25-70,3.2
45,2016-01-25-82,1.0
45,2016-01-25-94,1.0
45,2016-01-25-106,1.0
45,2016-01-25-118,1.0
45,2016-01-25-130,3.0
45,2016-01-25-142,3.0
45,2016-01-27-46,1.0
45,2016-01-27-58,1.0
45,2016-01-27-70,1.0
45,2016-01-27-82,1.0
45,2016-01-27-94,1.0
45,2016-01-27-106,1.0
45,2016-01-27-118,1.0
45,2016-01-27-130,1.0
45,2016-01-27-142,1.0
45,2016-01-29-58,1.0
45,2016-01-29-70,1.0
45,2016-01-29-82,1.0
45,2016-01-29-94,1.0
45,2016-01-29-106,1.0
45,2016-01-29-118,1.0
45,2016-01-29-130,1.0
45,2016-01-29-142,1.0
45,2016-01-31-46,1.0
45,2016-01-31-58,1.0
45,2016-01-31-70,1.0
45,2016-01-31-82,1.0
45,2016-01-31-94,1.0
45,2016-01-31-106,1.0
45,2016-01-31-118,1.0
45,2016-01-31-130,1.0
45,2016-01-31-142,2.5
46,2016-01-23-46,3.2
46,2016-01-23-58,2.1
46,2016-01-23-70,2.4
46,2016-01-23-82,2.5
46,2016-01-23-94,2.1
46,2016-01-23-106,2.6
46,2016-01-23-118,2.8
46,2016-01-23-130,2.7
46,2016-01-23-142,1.4
46,2016-01-25-58,2.2
46,2016-01-25-70,2.5
46,2016-01-25-82,3.0
46,2016-01-25-94,2.5
46,2016-01-25-106,4.6
46,2016-01-25-118,5.0
46,2016-01-25-130,2.9
46,2016-01-25-142,1.2
46,2016-01-27-46,4.2
46,2016-01-27-58,2.8
46,2016-01-27-70,3.0
46,2016-01-27-82,2.9
46,2016-01-27-94,2.8
46,2016-01-27-106,4.2
46,2016-01-27-118,3.8
46,2016-01-27-130,2.8
46,2016-01-27-142,2.2
46,2016-01-29-58,2.8
46,2016-01-29-70,2.9
46,2016-01-29-82,3.0
46,2016-01-29-94,2.8
46,2016-01-29-106,3.7
46,2016-01-29-118,2.5
46,2016-01-29-130,3.3
46,2016-01-29-142,1.9
46,2016-01-31-46,3.2
46,2016-01-31-58,2.8
46,2016-01-31-70,3.0
46,2016-01-31-82,2.9
46,2016-01-31-94,2.5
46,2016-01-31-106,4.0
46,2016-01-31-118,3.6
46,2016-01-31-130,3.0
46,2016-01-31-142,1.6
47,2016-01-23-46,1.0
47,2016-01-23-58,1.4
47,2016-01-23-70,1.5
47,2016-01-23-82,1.6
47,2016-01-23-94,1.2
47,2016-01-23-106,1.2
47,2016-01-23-118,1.2
47,2016-01-23-130,1.3
47,2016-01-23-142,1.1
47,2016-01-25-58,1.5
47,2016-01-25-70,1.6
47,2016-01-25-82,1.3
47,2016-01-25-94,1.0
47,2016-01-25-106,1.0
47,2016-01-25-118,1.0
47,2016-01-25-130,1.2
47,2016-01-25-142,1.2
47,2016-01-27-46,1.0
47,2016-01-27-58,1.0
47,2016-01-27-70,1.0
47,2016-01-27-82,1.0
47,2016-01-27-94,1.0
47,2016-01-27-106,1.0
47,2016-01-27-118,1.0
47,2016-01-27-130,1.0
47,2016-01-27-142,1.0
47,2016-01-29-58,1.0
47,2016-01-29-70,1.0
47,2016-01-29-82,1.0
47,2016-01-29-94,1.0
47,2016-01-29-106,1.0
47,2016-01-29-118,1.0
47,2016-01-29-130,1.0
47,2016-01-29-142,1.0
47,2016-01-31-46,1.0
47,2016-01-31-58,1.0
47,2016-01-31-70,1.1
47,2016-01-31-82,1.0
47,2016-01-31-94,1.0
47,2016-01-31-106,1.0
47,2016-01-31-118,1.0
47,2016-01-31-130,1.0
47,2016-01-31-142,3.7
48,2016-01-23-46,4.1
48,2016-01-23-58,5.9
48,2016-01-23-70,5.9
48,2016-01-23-82,6.1
48,2016-01-23-94,6.0
48,2016-01-23-106,6.2
48,2016-01-23-118,6.6
48,2016-01-23-130,3.9
48,2016-01-23-142,1.4
48,2016-01-25-58,5.1
48,2016-01-25-70,5.2
48,2016-01-25-82,5.4
48,2016-01-25-94,5.1
48,2016-01-25-106,5.2
48,2016-01-25-118,6.2
48,2016-01-25-130,5.5
48,2016-01-25-142,2.4
48,2016-01-27-46,5.9
48,2016-01-27-58,2.2
48,2016-01-27-70,3.3
48,2016-01-27-82,3.4
48,2016-01-27-94,4.3
48,2016-01-27-106,4.8
48,2016-01-27-118,4.1
48,2016-01-27-130,5.1
48,2016-01-27-142,3.7
48,2016-01-29-58,2.8
48,2016-01-29-70,3.4
48,2016-01-29-82,3.8
48,2016-01-29-94,5.1
48,2016-01-29-106,5.3
48,2016-01-29-118,5.0
48,2016-01-29-130,6.2
48,2016-01-29-142,4.0
48,2016-01-31-46,3.9
48,2016-01-31-58,3.3
48,2016-01-31-70,3.6
48,2016-01-31-82,3.7
48,2016-01-31-94,5.4
48,2016-01-31-106,4.9
48,2016-01-31-118,5.0
48,2016-01-31-130,4.1
48,2016-01-31-142,2.4
49,2016-01-23-46,1.0
49,2016-01-23-58,1.0
49,2016-01-23-70,1.0
49,2016-01-23-82,1.0
49,2016-01-23-94,1.0
49,2016-01-23-106,1.0
49,2016-01-23-118,1.0
49,2016-01-23-130,1.0
49,2016-01-23-142,1.0
49,2016-01-25-58,1.0
49,2016-01-25-70,1.0
49,2016-01-25-82,1.0
49,2016-01-25-94,1.0
49,2016-01-25-106,1.0
49,2016-01-25-118,1.0
49,2016-01-25-130,1.0
49,2016-01-25-142,1.0
49,2016-01-27-46,1.0
49,2016-01-27-58,1.0
49,2016-01-27-70,1.0
49,2016-01-27-82,1.0
49,2016-01-27-94,1.0
49,2016-01-27-106,1.0
49,2016-01-27-118,1.0
49,2016-01-27-130,1.0
49,2016-01-27-142,1.0
49,2016-01-29-58,1.0
49,2016-01-29-70,1.0
49,2016-01-29-82,1.0
49,2016-01-29-94,1.0
49,2016-01-29-106,1.0
49,2016-01-29-118,1.0
49,2016-01-29-130,1.0
49,2016-01-29-142,1.0
49,2016-01-31-46,1.0
49,2016-01-31-58,1.0
49,2016-01-31-70,1.0
49,2016-01-31-82,1.0
49,2016-01-31-94,1.0
49,2016-01-31-106,1.0
49,2016-01-31-118,1.0
49,2016-01-31-130,1.0
49,2016-01-31-142,1.0
50,2016-01-23-46,1.0
50,2016-01-23-58,1.0
50,2016-01-23-70,1.0
50,2016-01-23-82,1.0
50,2016-01-23-94,1.0
50,2016-01-23-106,1.0
50,2016-01-23-118,1.0
50,2016-01-23-130,1.0
50,2016-01-23-142,1.0
50,2016-01-25-58,1.0
50,2016-01-25-70,1.0
50,2016-01-25-82,1.0
50,2016-01-25-94,1.0
50,2016-01-25-106,1.0
50,2016-01-25-118,1.0
50,2016-01-25-130,1.0
50,2016-01-25-142,1.0
50,2016-01-27-46,1.0
50,2016-01-27-58,1.0
50,2016-01-27-70,1.0
50,2016-01-27-82,1.0
50,2016-01-27-94,1.0
50,2016-01-27-106,1.0
50,2016-01-27-118,1.0
50,2016-01-27-130,1.0
50,2016-01-27-142,1.0
50,2016-01-29-58,1.0
50,2016-01-29-70,1.0
50,2016-01-29-82,1.0
50,2016-01-29-94,1.0
50,2016-01-29-106,1.0
50,2016-01-29-118,1.0
50,2016-01-29-130,1.0
50,2016-01-29-142,1.0
50,2016-01-31-46,1.0
50,2016-01-31-58,1.0
50,2016-01-31-70,1.0
50,2016-01-31-82,1.0
50,2016-01-31-94,1.0
50,2016-01-31-106,1.0
50,2016-01-31-118,1.0
50,2016-01-31-130,1.0
50,2016-01-31-142,3.1
51,2016-01-23-46,3.1
51,2016-01-23-58,1.6
51,2016-01-23-70,2.4
51,2016-01-23-82,3.1
51,2016-01-23-94,2.9
51,2016-01-23-106,3.6
51,2016-01-23-118,3.7
51,2016-01-23-130,2.9
51,2016-01-23-142,2.6
51,2016-01-25-58,1.9
51,2016-01-25-70,2.3
51,2016-01-25-82,5.0
51,2016-01-25-94,5.6
51,2016-01-25-106,6.0
51,2016-01-25-118,5.3
51,2016-01-25-130,2.3
51,2016-01-25-142,1.9
51,2016-01-27-46,5.3
51,2016-01-27-58,4.6
51,2016-01-27-70,6.2
51,2016-01-27-82,6.0
51,2016-01-27-94,6.3
51,2016-01-27-106,6.6
51,2016-01-27-118,5.1
51,2016-01-27-130,4.7
51,2016-01-27-142,4.3
51,2016-01-29-58,4.7
51,2016-01-29-70,7.2
51,2016-01-29-82,6.8
51,2016-01-29-94,7.1
51,2016-01-29-106,6.8
51,2016-01-29-118,6.0
51,2016-01-29-130,5.2
51,2016-01-29-142,4.7
51,2016-01-31-46,3.9
51,2016-01-31-58,4.9
51,2016-01-31-70,5.4
51,2016-01-31-82,4.7
51,2016-01-31-94,7.1
51,2016-01-31-106,5.7
51,2016-01-31-118,4.7
51,2016-01-31-130,4.1
51,2016-01-31-142,2.2
52,2016-01-23-46,1.0
52,2016-01-23-58,1.1
52,2016-01-23-70,1.1
52,2016-01-23-82,1.2
52,2016-01-23-94,1.0
52,2016-01-23-106,1.0
52,2016-01-23-118,1.0
52,2016-01-23-130,1.0
52,2016-01-23-142,1.0
52,2016-01-25-58,1.0
52,2016-01-25-70,1.3
52,2016-01-25-82,1.0
52,2016-01-25-94,1.0
52,2016-01-25-106,1.0
52,2016-01-25-118,1.0
52,2016-01-25-130,1.0
52,2016-01-25-142,1.2
52,2016-01-27-46,1.0
52,2016-01-27-58,1.0
52,2016-01-27-70,1.0
52,2016-01-27-82,1.0
52,2016-01-27-94,1.0
52,2016-01-27-106,1.0
52,2016-01-27-118,1.0
52,2016-01-27-130,1.0
52,2016-01-27-142,1.0
52,2016-01-29-58,1.0
52,2016-01-29-70,1.0
52,2016-01-29-82,1.0
52,2016-01-29-94,1.0
52,2016-01-29-106,1.0
52,2016-01-29-118,1.0
52,2016-01-29-130,1.0
52,2016-01-29-142,1.0
52,2016-01-31-46,1.0
52,2016-01-31-58,1.0
52,2016-01-31-70,1.0
52,2016-01-31-82,1.0
52,2016-01-31-94,1.0
52,2016-01-31-106,1.0
52,2016-01-31-118,1.0
52,2016-01-31-130,1.0
52,2016-01-31-142,1.0
53,2016-01-23-46,1.0
53,2016-01-23-58,3.7
53,2016-01-23-70,2.9
53,2016-01-23-82,1.0
53,2016-01-23-94,2.1
53,2016-01-23-106,3.5
53,2016-01-23-118,1.0
53,2016-01-23-130,1.2
53,2016-01-23-142,1.9
53,2016-01-25-58,1.3
53,2016-01-25-70,2.5
53,2016-01-25-82,1.1
53,2016-01-25-94,1.0
53,2016-01-25-106,1.0
53,2016-01-25-118,1.0
53,2016-01-25-130,1.0
53,2016-01-25-142,1.0
53,2016-01-27-46,1.0
53,2016-01-27-58,1.0
53,2016-01-27-70,1.0
53,2016-01-27-82,1.0
53,2016-01-27-94,1.0
53,2016-01-27-106,1.0
53,2016-01-27-118,1.0
53,2016-01-27-130,1.0
53,2016-01-27-142,1.0
53,2016-01-29-58,1.0
53,2016-01-29-70,1.0
53,2016-01-29-82,1.0
53,2016-01-29-94,1.0
53,2016-01-29-106,1.0
53,2016-01-29-118,1.0
53,2016-01-29-130,1.0
53,2016-01-29-142,1.0
53,2016-01-31-46,1.0
53,2016-01-31-58,1.0
53,2016-01-31-70,1.0
53,2016-01-31-82,1.0
53,2016-01-31-94,1.0
53,2016-01-31-106,1.0
53,2016-01-31-118,1.0
53,2016-01-31-130,1.0
53,2016-01-31-142,1.1
54,2016-01-23-46,1.0
54,2016-01-23-58,1.0
54,2016-01-23-70,1.0
54,2016-01-23-82,1.0
54,2016-01-23-94,1.0
54,2016-01-23-106,1.0
54,2016-01-23-118,1.0
54,2016-01-23-130,1.0
54,2016-01-23-142,1.0
54,2016-01-25-58,1.0
54,2016-01-25-70,1.0
54,2016-01-25-82,1.0
54,2016-01-25-94,1.0
54,2016-01-25-106,1.0
54,2016-01-25-118,1.0
54,2016-01-25-130,1.0
54,2016-01-25-142,1.0
54,2016-01-27-46,1.0
54,2016-01-27-58,1.0
54,2016-01-27-70,1.0
54,2016-01-27-82,1.0
54,2016-01-27-94,1.0
54,2016-01-27-106,1.0
54,2016-01-27-118,1.0
54,2016-01-27-130,1.0
54,2016-01-27-142,1.2
54,2016-01-29-58,1.0
54,2016-01-29-70,1.0
54,2016-01-29-82,1.0
54,2016-01-29-94,1.0
54,2016-01-29-106,1.0
54,2016-01-29-118,1.0
54,2016-01-29-130,1.0
54,2016-01-29-142,1.2
54,2016-01-31-46,1.0
54,2016-01-31-58,1.0
54,2016-01-31-70,1.0
54,2016-01-31-82,1.0
54,2016-01-31-94,1.0
54,2016-01-31-106,1.0
54,2016-01-31-118,1.0
54,2016-01-31-130,1.0
54,2016-01-31-142,1.1
55,2016-01-23-46,1.0
55,2016-01-23-58,1.0
55,2016-01-23-70,1.0
55,2016-01-23-82,1.0
55,2016-01-23-94,1.0
55,2016-01-23-106,1.0
55,2016-01-23-118,1.0
55,2016-01-23-130,1.0
55,2016-01-23-142,1.0
55,2016-01-25-58,1.0
55,2016-01-25-70,1.0
55,2016-01-25-82,1.0
55,2016-01-25-94,1.0
55,2016-01-25-106,1.0
55,2016-01-25-118,1.0
55,2016-01-25-130,1.0
55,2016-01-25-142,1.0
55,2016-01-27-46,1.0
55,2016-01-27-58,1.0
55,2016-01-27-70,1.0
55,2016-01-27-82,1.0
55,2016-01-27-94,1.0
55,2016-01-27-106,1.0
55,2016-01-27-118,1.0
55,2016-01-27-130,1.0
55,2016-01-27-142,1.0
55,2016-01-29-58,1.0
55,2016-01-29-70,1.0
55,2016-01-29-82,1.0
55,2016-01-29-94,1.0
55,2016-01-29-106,1.0
55,2016-01-29-118,1.0
55,2016-01-29-130,1.0
55,2016-01-29-142,1.0
55,2016-01-31-46,1.0
55,2016-01-31-58,1.0
55,2016-01-31-70,1.0
55,2016-01-31-82,1.0
55,2016-01-31-94,1.0
55,2016-01-31-106,1.0
55,2016-01-31-118,1.0
55,2016-01-31-130,1.0
55,2016-01-31-142,1.0
56,2016-01-23-46,1.0
56,2016-01-23-58,1.0
56,2016-01-23-70,1.0
56,2016-01-23-82,1.0
56,2016-01-23-94,1.0
56,2016-01-23-106,1.0
56,2016-01-23-118,1.0
56,2016-01-23-130,3.3
56,2016-01-23-142,1.0
56,2016-01-25-58,1.0
56,2016-01-25-70,1.0
56,2016-01-25-82,1.0
56,2016-01-25-94,1.0
56,2016-01-25-106,1.0
56,2016-01-25-118,1.0
56,2016-01-25-130,3.2
56,2016-01-25-142,3.1
56,2016-01-27-46,1.0
56,2016-01-27-58,1.0
56,2016-01-27-70,1.0
56,2016-01-27-82,1.0
56,2016-01-27-94,1.0
56,2016-01-27-106,1.0
56,2016-01-27-118,1.0
56,2016-01-27-130,1.0
56,2016-01-27-142,1.0
56,2016-01-29-58,1.0
56,2016-01-29-70,1.0
56,2016-01-29-82,1.0
56,2016-01-29-94,1.0
56,2016-01-29-106,1.0
56,2016-01-29-118,1.0
56,2016-01-29-130,1.0
56,2016-01-29-142,1.0
56,2016-01-31-46,1.0
56,2016-01-31-58,1.0
56,2016-01-31-70,1.0
56,2016-01-31-82,1.0
56,2016-01-31-94,1.0
56,2016-01-31-106,1.0
56,2016-01-31-118,1.0
56,2016-01-31-130,1.0
56,2016-01-31-142,1.0
57,2016-01-23-46,1.0
57,2016-01-23-58,1.0
57,2016-01-23-70,1.0
57,2016-01-23-82,1.0
57,2016-01-23-94,1.0
57,2016-01-23-106,1.0
57,2016-01-23-118,1.0
57,2016-01-23-130,1.0
57,2016-01-23-142,1.0
57,2016-01-25-58,1.0
57,2016-01-25-70,1.0
57,2016-01-25-82,1.0
57,2016-01-25-94,1.0
57,2016-01-25-106,1.0
57,2016-01-25-118,1.0
57,2016-01-25-130,1.0
57,2016-01-25-142,1.0
57,2016-01-27-46,1.0
57,2016-01-27-58,1.0
57,2016-01-27-70,1.0
57,2016-01-27-82,1.0
57,2016-01-27-94,1.0
57,2016-01-27-106,1.0
57,2016-01-27-118,1.0
57,2016-01-27-130,1.0
57,2016-01-27-142,1.0
57,2016-01-29-58,1.0
57,2016-01-29-70,1.0
57,2016-01-29-82,1.0
57,2016-01-29-94,1.0
57,2016-01-29-106,1.0
57,2016-01-29-118,1.0
57,2016-01-29-130,1.0
57,2016-01-29-142,1.0
57,2016-01-31-46,1.0
57,2016-01-31-58,1.0
57,2016-01-31-70,1.0
57,2016-01-31-82,1.0
57,2016-01-31-94,1.0
57,2016-01-31-106,1.0
57,2016-01-31-118,1.0
57,2016-01-31-130,1.0
57,2016-01-31-142,1.0
58,2016-01-23-46,1.0
58,2016-01-23-58,1.0
58,2016-01-23-70,1.0
58,2016-01-23-82,1.0
58,2016-01-23-94,1.0
58,2016-01-23-106,1.0
58,2016-01-23-118,1.0
58,2016-01-23-130,1.0
58,2016-01-23-142,1.0
58,2016-01-25-58,1.0
58,2016-01-25-70,1.0
58,2016-01-25-82,1.0
58,2016-01-25-94,1.0
58,2016-01-25-106,1.0
58,2016-01-25-118,1.0
58,2016-01-25-130,1.0
58,2016-01-25-142,1.0
58,2016-01-27-46,1.0
58,2016-01-27-58,1.0
58,2016-01-27-70,1.0
58,2016-01-27-82,1.0
58,2016-01-27-94,1.0
58,2016-01-27-106,1.0
58,2016-01-27-118,1.0
58,2016-01-27-130,1.0
58,2016-01-27-142,1.0
58,2016-01-29-58,1.0
58,2016-01-29-70,1.0
58,2016-01-29-82,1.0
58,2016-01-29-94,1.0
58,2016-01-29-106,1.0
58,2016-01-29-118,1.0
58,2016-01-29-130,1.0
58,2016-01-29-142,1.0
58,2016-01-31-46,1.0
58,2016-01-31-58,1.0
58,2016-01-31-70,1.0
58,2016-01-31-82,1.0
58,2016-01-31-94,1.0
58,2016-01-31-106,1.0
58,2016-01-31-118,1.0
58,2016-01-31-130,1.0
58,2016-01-31-142,1.0
59,2016-01-23-46,1.0
59,2016-01-23-58,1.0
59,2016-01-23-70,1.0
59,2016-01-23-82,1.0
59,2016-01-23-94,1.0
59,2016-01-23-106,1.0
59,2016-01-23-118,1.0
59,2016-01-23-130,1.0
59,2016-01-23-142,1.0
59,2016-01-25-58,1.0
59,2016-01-25-70,1.0
59,2016-01-25-82,1.0
59,2016-01-25-94,1.0
59,2016-01-25-106,1.0
59,2016-01-25-118,1.0
59,2016-01-25-130,1.0
59,2016-01-25-142,1.0
59,2016-01-27-46,1.0
59,2016-01-27-58,1.0
59,2016-01-27-70,1.0
59,2016-01-27-82,1.0
59,2016-01-27-94,1.0
59,2016-01-27-106,1.0
59,2016-01-27-118,1.0
59,2016-01-27-130,1.0
59,2016-01-27-142,1.0
59,2016-01-29-58,1.0
59,2016-01-29-70,1.0
59,2016-01-29-82,1.0
59,2016-01-29-94,1.0
59,2016-01-29-106,1.0
59,2016-01-29-118,1.0
59,2016-01-29-130,1.0
59,2016-01-29-142,1.0
59,2016-01-31-46,1.0
59,2016-01-31-58,1.0
59,2016-01-31-70,1.0
59,2016-01-31-82,1.0
59,2016-01-31-94,1.0
59,2016-01-31-106,1.0
59,2016-01-31-118,1.0
59,2016-01-31-130,1.0
59,2016-01-31-142,1.1
60,2016-01-23-46,1.0
60,2016-01-23-58,1.0
60,2016-01-23-70,1.0
60,2016-01-23-82,1.0
60,2016-01-23-94,1.0
60,2016-01-23-106,1.0
60,2016-01-23-118,1.0
60,2016-01-23-130,1.0
60,2016-01-23-142,1.0
60,2016-01-25-58,1.0
60,2016-01-25-70,1.0
60,2016-01-25-82,1.0
60,2016-01-25-94,1.0
60,2016-01-25-106,1.0
60,2016-01-25-118,1.0
60,2016-01-25-130,1.0
60,2016-01-25-142,1.0
60,2016-01-27-46,1.0
60,2016-01-27-58,1.0
60,2016-01-27-70,1.0
60,2016-01-27-82,1.0
60,2016-01-27-94,1.0
60,2016-01-27-106,1.0
60,2016-01-27-118,1.0
60,2016-01-27-130,1.0
60,2016-01-27-142,1.0
60,2016-01-29-58,1.0
60,2016-01-29-70,1.0
60,2016-01-29-82,1.0
60,2016-01-29-94,1.0
60,2016-01-29-106,1.0
60,2016-01-29-118,1.0
60,2016-01-29-130,1.0
60,2016-01-29-142,1.0
60,2016-01-31-46,1.0
60,2016-01-31-58,1.0
60,2016-01-31-70,1.0
60,2016-01-31-82,1.0
60,2016-01-31-94,1.0
60,2016-01-31-106,1.0
60,2016-01-31-118,1.0
60,2016-01-31-130,1.0
60,2016-01-31-142,1.0
61,2016-01-23-46,1.0
61,2016-01-23-58,1.0
61,2016-01-23-70,1.0
61,2016-01-23-82,1.0
61,2016-01-23-94,1.0
61,2016-01-23-106,1.0
61,2016-01-23-118,1.0
61,2016-01-23-130,1.0
61,2016-01-23-142,1.0
61,2016-01-25-58,1.0
61,2016-01-25-70,1.0
61,2016-01-25-82,1.0
61,2016-01-25-94,1.0
61,2016-01-25-106,1.0
61,2016-01-25-118,1.0
61,2016-01-25-130,1.0
61,2016-01-25-142,1.0
61,2016-01-27-46,1.0
61,2016-01-27-58,1.0
61,2016-01-27-70,1.0
61,2016-01-27-82,1.0
61,2016-01-27-94,1.0
61,2016-01-27-106,1.0
61,2016-01-27-118,1.0
61,2016-01-27-130,1.0
61,2016-01-27-142,1.0
61,2016-01-29-58,1.0
61,2016-01-29-70,1.0
61,2016-01-29-82,1.0
61,2016-01-29-94,1.0
61,2016-01-29-106,1.0
61,2016-01-29-118,1.0
61,2016-01-29-130,1.0
61,2016-01-29-142,1.0
61,2016-01-31-46,1.0
61,2016-01-31-58,1.0
61,2016-01-31-70,1.0
61,2016-01-31-82,1.0
61,2016-01-31-94,1.0
61,2016-01-31-106,1.0
61,2016-01-31-118,1.0
61,2016-01-31-130,1.0
61,2016-01-31-142,1.1
62,2016-01-23-46,1.0
62,2016-01-23-58,3.3
62,2016-01-23-70,3.4
62,2016-01-23-82,3.4
62,2016-01-23-94,3.2
62,2016-01-23-106,3.3
62,2016-01-23-118,3.3
62,2016-01-23-130,3.4
62,2016-01-23-142,3.6
62,2016-01-25-58,3.2
62,2016-01-25-70,3.4
62,2016-01-25-82,1.0
62,2016-01-25-94,1.0
62,2016-01-25-106,1.0
62,2016-01-25-118,1.0
62,2016-01-25-130,3.3
62,2016-01-25-142,3.7
62,2016-01-27-46,1.0
62,2016-01-27-58,1.0
62,2016-01-27-70,1.0
62,2016-01-27-82,1.0
62,2016-01-27-94,1.0
62,2016-01-27-106,1.0
62,2016-01-27-118,1.0
62,2016-01-27-130,1.0
62,2016-01-27-142,1.0
62,2016-01-29-58,1.0
62,2016-01-29-70,1.0
62,2016-01-29-82,1.0
62,2016-01-29-94,1.0
62,2016-01-29-106,1.0
62,2016-01-29-118,1.0
62,2016-01-29-130,1.0
62,2016-01-29-142,1.0
62,2016-01-31-46,1.0
62,2016-01-31-58,1.0
62,2016-01-31-70,1.0
62,2016-01-31-82,1.0
62,2016-01-31-94,1.0
62,2016-01-31-106,1.0
62,2016-01-31-118,1.0
62,2016-01-31-130,1.0
62,2016-01-31-142,1.1
63,2016-01-23-46,1.0
63,2016-01-23-58,1.0
63,2016-01-23-70,1.0
63,2016-01-23-82,1.0
63,2016-01-23-94,1.0
63,2016-01-23-106,1.0
63,2016-01-23-118,1.0
63,2016-01-23-130,1.0
63,2016-01-23-142,1.0
63,2016-01-25-58,1.0
63,2016-01-25-70,1.0
63,2016-01-25-82,1.0
63,2016-01-25-94,1.0
63,2016-01-25-106,1.0
63,2016-01-25-118,1.0
63,2016-01-25-130,1.0
63,2016-01-25-142,1.0
63,2016-01-27-46,1.0
63,2016-01-27-58,1.0
63,2016-01-27-70,1.0
63,2016-01-27-82,1.0
63,2016-01-27-94,1.0
63,2016-01-27-106,1.0
63,2016-01-27-118,1.0
63,2016-01-27-130,1.0
63,2016-01-27-142,1.1
63,2016-01-29-58,1.0
63,2016-01-29-70,1.0
63,2016-01-29-82,1.0
63,2016-01-29-94,1.0
63,2016-01-29-106,1.0
63,2016-01-29-118,1.0
63,2016-01-29-130,1.0
63,2016-01-29-142,1.0
63,2016-01-31-46,1.0
63,2016-01-31-58,1.0
63,2016-01-31-70,1.0
63,2016-01-31-82,1.0
63,2016-01-31-94,1.0
63,2016-01-31-106,1.0
63,2016-01-31-118,1.0
63,2016-01-31-130,1.0
63,2016-01-31-142,1.0
64,2016-01-23-46,1.0
64,2016-01-23-58,1.0
64,2016-01-23-70,1.0
64,2016-01-23-82,1.0
64,2016-01-23-94,1.0
64,2016-01-23-106,1.0
64,2016-01-23-118,1.0
64,2016-01-23-130,1.0
64,2016-01-23-142,1.0
64,2016-01-25-58,1.0
64,2016-01-25-70,1.0
64,2016-01-25-82,1.0
64,2016-01-25-94,1.0
64,2016-01-25-106,1.0
64,2016-01-25-118,1.0
64,2016-01-25-130,1.0
64,2016-01-25-142,1.0
64,2016-01-27-46,1.0
64,2016-01-27-58,1.0
64,2016-01-27-70,1.0
64,2016-01-27-82,1.0
64,2016-01-27-94,1.0
64,2016-01-27-106,1.0
64,2016-01-27-118,1.0
64,2016-01-27-130,1.0
64,2016-01-27-142,1.0
64,2016-01-29-58,1.0
64,2016-01-29-70,1.0
64,2016-01-29-82,1.0
64,2016-01-29-94,1.0
64,2016-01-29-106,1.0
64,2016-01-29-118,1.0
64,2016-01-29-130,1.0
64,2016-01-29-142,1.0
64,2016-01-31-46,1.0
64,2016-01-31-58,1.0
64,2016-01-31-70,1.0
64,2016-01-31-82,1.0
64,2016-01-31-94,1.0
64,2016-01-31-106,1.0
64,2016-01-31-118,1.0
64,2016-01-31-130,1.0
64,2016-01-31-142,1.0
65,2016-01-23-46,1.0
65,2016-01-23-58,1.1
65,2016-01-23-70,1.0
65,2016-01-23-82,1.0
65,2016-01-23-94,1.0
65,2016-01-23-106,1.1
65,2016-01-23-118,1.0
65,2016-01-23-130,1.0
65,2016-01-23-142,1.0
65,2016-01-25-58,1.0
65,2016-01-25-70,1.0
65,2016-01-25-82,1.0
65,2016-01-25-94,1.0
65,2016-01-25-106,1.0
65,2016-01-25-118,1.0
65,2016-01-25-130,1.0
65,2016-01-25-142,1.0
65,2016-01-27-46,1.0
65,2016-01-27-58,1.0
65,2016-01-27-70,1.0
65,2016-01-27-82,1.0
65,2016-01-27-94,1.0
65,2016-01-27-106,1.0
65,2016-01-27-118,1.0
65,2016-01-27-130,1.0
65,2016-01-27-142,1.0
65,2016-01-29-58,1.0
65,2016-01-29-70,1.0
65,2016-01-29-82,1.0
65,2016-01-29-94,1.0
65,2016-01-29-106,1.0
65,2016-01-29-118,1.0
65,2016-01-29-130,1.0
65,2016-01-29-142,1.0
65,2016-01-31-46,1.0
65,2016-01-31-58,1.0
65,2016-01-31-70,1.0
65,2016-01-31-82,1.0
65,2016-01-31-94,1.0
65,2016-01-31-106,1.0
65,2016-01-31-118,1.0
65,2016-01-31-130,1.0
65,2016-01-31-142,1.0
66,2016-01-23-46,1.0
66,2016-01-23-58,1.0
66,2016-01-23-70,1.0
66,2016-01-23-82,1.0
66,2016-01-23-94,1.5
66,2016-01-23-106,1.0
66,2016-01-23-118,1.0
66,2016-01-23-130,1.0
66,2016-01-23-142,1.0
66,2016-01-25-58,1.0
66,2016-01-25-70,1.0
66,2016-01-25-82,1.0
66,2016-01-25-94,1.0
66,2016-01-25-106,1.0
66,2016-01-25-118,1.0
66,2016-01-25-130,1.0
66,2016-01-25-142,1.0
66,2016-01-27-46,1.0
66,2016-01-27-58,1.0
66,2016-01-27-70,1.0
66,2016-01-27-82,1.0
66,2016-01-27-94,1.0
66,2016-01-27-106,1.0
66,2016-01-27-118,1.0
66,2016-01-27-130,1.0
66,2016-01-27-142,1.0
66,2016-01-29-58,1.0
66,2016-01-29-70,1.0
66,2016-01-29-82,1.0
66,2016-01-29-94,1.0
66,2016-01-29-106,1.0
66,2016-01-29-118,1.0
66,2016-01-29-130,1.0
66,2016-01-29-142,1.0
66,2016-01-31-46,1.0
66,2016-01-31-58,1.0
66,2016-01-31-70,1.0
66,2016-01-31-82,1.0
66,2016-01-31-94,1.0
66,2016-01-31-106,1.0
66,2016-01-31-118,1.0
66,2016-01-31-130,1.0
66,2016-01-31-142,1.0
